:1000000000000320D501000051020000B59300005C
:1000100055020000570200005902000000000000D5
:1000200000000000000000000000000011040000BB
:100030005D0200000000000041040000CD2E000021
:10004000899000009190000099900000A19000001C
:10005000A9900000B1900000B9900000C19000008C
:10006000C9900000D1900000D9900000E1900000FC
:10007000E9900000F1900000F9900000019100006B
:1000800009910000119100001991000021910000D8
:100090002991000031910000399100004191000048
:1000A00049910000519100005991000061910000B8
:1000B0006991000071910000799100008191000028
:1000C000899100009191000099910000A191000098
:1000D000A9910000B1910000B9910000B91D000084
:1000E000C1910000C9910000D1910000D991000098
:1000F000E1910000E9910000F1910000F991000008
:100100000192000009920000119200001992000073
:1001100021920000299200003192000039920000E3
:100120004192000049920000519200005992000053
:1001300061920000699200007192000079920000C3
:100140008192000089920000919200009992000033
:10015000A1920000A9920000B1920000B9920000A3
:10016000C1920000C9920000D1920000D992000013
:10017000E1920000E9920000F1920000F992000083
:1001800001930000099300001193000019930000EF
:100190002193000029930000E0C50000000000202A
:1001A00098000000E0C500000000FF1F00000000F4
:1001B000E0C50000000000140000000098000020CE
:1001C000902C00000000FF1F000000000000001441
:1001D0000000000072B607F031FA0E4B07E003F1A1
:1001E0000C049A685968186800F01AF823460A4AFD
:1001F0009342F4D306E01C46596854F8080B00F00B
:100200001EF82346054A9342F5D362B60AF0C0FBB6
:10021000FEE700BF98010000BC010000D40100000F
:10022000002393420AD210B450F8044B41F8044B17
:1002300004339342F8D35DF8044B704770470023B2
:1002400003E0002240F8042B04338B42F9D37047BB
:10025000FEE7FEE7FEE7FEE7FEE7FEE7FEE7FEE776
:10026000FEE7FEE7FFFFFFFFFFFFFFFFFFFFFFFFD0
:10027000FFFFFFFFFFFFFFFFFFFFFFFFFFFFFFFF8E
:10028000FFFFFFFFFFFFFFFFFFFFFFFFFFFFFFFF7E
:10029000FFFFFFFFFFFFFFFFFFFFFFFFFFFFFFFF6E
:1002A000FFFFFFFFFFFFFFFFFFFFFFFFFFFFFFFF5E
:1002B000FFFFFFFFFFFFFFFFFFFFFFFFFFFFFFFF4E
:1002C000FFFFFFFFFFFFFFFFFFFFFFFFFFFFFFFF3E
:1002D000FFFFFFFFFFFFFFFFFFFFFFFFFFFFFFFF2E
:1002E000FFFFFFFFFFFFFFFFFFFFFFFFFFFFFFFF1E
:1002F000FFFFFFFFFFFFFFFFFFFFFFFFFFFFFFFF0E
:10030000FFFFFFFFFFFFFFFFFFFFFFFFFFFFFFFFFD
:10031000FFFFFFFFFFFFFFFFFFFFFFFFFFFFFFFFED
:10032000FFFFFFFFFFFFFFFFFFFFFFFFFFFFFFFFDD
:10033000FFFFFFFFFFFFFFFFFFFFFFFFFFFFFFFFCD
:10034000FFFFFFFFFFFFFFFFFFFFFFFFFFFFFFFFBD
:10035000FFFFFFFFFFFFFFFFFFFFFFFFFFFFFFFFAD
:10036000FFFFFFFFFFFFFFFFFFFFFFFFFFFFFFFF9D
:10037000FFFFFFFFFFFFFFFFFFFFFFFFFFFFFFFF8D
:10038000FFFFFFFFFFFFFFFFFFFFFFFFFFFFFFFF7D
:10039000FFFFFFFFFFFFFFFFFFFFFFFFFFFFFFFF6D
:1003A000FFFFFFFFFFFFFFFFFFFFFFFFFFFFFFFF5D
:1003B000FFFFFFFFFFFFFFFFFFFFFFFFFFFFFFFF4D
:1003C000FFFFFFFFFFFFFFFFFFFFFFFFFFFFFFFF3D
:1003D000FFFFFFFFFFFFFFFFFFFFFFFFFFFFFFFF2D
:1003E000FFFFFFFFFFFFFFFFFFFFFFFFFFFFFFFF1D
:1003F000FFFFFFFFFFFFFFFFFFFFFFFFFFFFFFFF0D
:10040000FFFFFFFFFFFFFFFFFFFFFFFFFEFFFFFFFD
:10041000074B19680868B0E8F04F80F30988BFF30C
:100420006F8F4FF0000080F311887047AFF30080AA
:10043000702A002000BF00BFFFFFFFFFFFFFFFFF8C
:10044000EFF30980BFF36F8F154B1A681EF0100F82
:1004500008BF20ED108A20E9F04F10602DE9090057
:100460004FF0200080F31188BFF34F8FBFF36F8FE1
:1004700003F060FB4FF0000080F3118809BC19689D
:100480000868B0E8F04F1EF0100F08BFB0EC108AFB
:1004900080F30988BFF36F8F704700BFAFF3008010
:1004A000702A002000BF00BF80B586B000AF786022
:1004B0000023FB750023BB7500237B7504220021FC
:1004C0009D480AF06FFA0023FB600AE09B4AFB6834
:1004D00002339B0013444FF000021A60FB680133A3
:1004E000FB60FB68062BF1D9944B4FF000025A6277
:1004F000924B4FF000029A62914B4FF000021A604B
:100500008F4B4FF000025A608D4B4FF000029A6003
:100510008C4B1B78DBB2002BFAD08A4B00221A706E
:10052000BB7D002B0BD10121874808F01AFF022167
:10053000854808F024FF0421834808F020FFBB7D94
:10054000012B0BD10121804808F019FF02217E48C0
:1005500008F007FF04217C4808F011FFBB7D022B47
:100560000BD10121784808F00AFF0221764808F0F3
:1005700006FF0421744808F0F4FEBB7D734A12683C
:1005800073499B000B441A60BB7D714A9B00134466
:1005900093ED007A6F4BD3ED007A27EE277ABB7D7F
:1005A000664A02339B001344D3ED006A6A4BD3EDD5
:1005B000007A66EEA77ABB7D77EE277A5F4A023330
:1005C0009B001344C3ED007AFB7D0133FB75BB7DBB
:1005D0000133BB75FB7D022B01D90023FB75BB7D6D
:1005E000022B40F29B80554B93ED027A534BD3ED97
:1005F000047A37EE677AF0EE006AC7EE267A4F4B40
:10060000C3ED057A4D4B93ED027A4C4BD3ED037A53
:1006100037EE277AF0EE006AC7EE267A474BC3ED35
:10062000067A464B93ED037A444BD3ED047A37EECA
:10063000277AF0EE006AC7EE267A404BC3ED077AC0
:100640000023BB753D4B93ED027A3C4BD3ED037A0F
:1006500037EE277A394BD3ED047A77EE277A374B8A
:10066000C3ED097A354B93ED047A344BD3ED057A1B
:1006700037EE277A314BD3ED067A77EE277A2F4B78
:10068000C3ED0A7A2D4BD3ED097AB0EE670A01F07B
:100690009FFE324B186800230122284902F010FD0A
:1006A0000346012B03D07B7D01337B7536E00023AD
:1006B0007B752B4808F071FE03467B817A897B8A23
:1006C0009A4215D97A897B8AD31A3B813B8918468D
:1006D0000AF0FCFB16A3D3E9002307F0B7FE02469D
:1006E0000B461046194608F02BF90346134A53608F
:1006F0007B897B821B4BB3F90030012B07D1202172
:10070000114808F02EFE174B00221A8006E0202127
:100710000D4808F034FE134B01221A80FB7DDB00EC
:10072000114A13441A460021104804F01FFAEFE65C
:1007300007F0164850FC583FE8010020E001002077
:10074000C40100209000002080F00F40A80100208C
:10075000AC01002050000020540000200C010020BB
:10076000008003401C2D00207000002000B00340DA
:1007700080B58AB000AF786087ED000A052387F85E
:100780002730D7ED007AF5EEC07AF1EE10FA01D5F8
:10079000012300E00023FB769FED7D1B9FED7E0B88
:1007A00000F002F953EC102B1046194608F0C8F877
:1007B00003467B61FB7E002B05D0D7ED007AF1EE7E
:1007C000677AC7ED007AD7ED007A9FED757AF4EE7F
:1007D000C77AF1EE10FA01DD0023D4E0D7ED007AFC
:1007E000FCEEE77A17EE903A3B623B6A07EE903AEE
:1007F000F8EE677A97ED007A77EE677A97ED057AEB
:1008000067EE277AC7ED047AD7ED047AFCEEE77A33
:1008100017EE903AFB61002387F826301DE0F96956
:10082000604BA3FB0123DA0813469B0013445B00D3
:10083000CA1AD3B23033BB7397F826307A681344A0
:10084000BA7B1A70FB69574AA2FB0323DB08FB61E2
:1008500097F82630013387F8263097F82630042B96
:10086000DDD997F827305A1C87F827201A467B686D
:1008700013442E221A7097F827300E2B01D900232B
:1008800081E03B6A002B32D197F827305A1C87F859
:1008900027201A467B68134430221A7097F82730B5
:1008A0000E2B24D900236EE0396A3E4BA3FB0123B3
:1008B000DA0813469B0013445B00CA1AD3B23033E4
:1008C000BB7397F827305A1C87F827201A467B6895
:1008D0001344BA7B1A7097F827300E2B01D90023E6
:1008E00051E03B6A2F4AA2FB0323DB083B623B6AD1
:1008F000002BD9D1FB7E002B0FD097F827305A1C44
:1009000087F827201A467B6813442D221A7097F81F
:1009100027300E2B01D9002335E0002387F826303D
:1009200022E097F826307A6813441B78FB7397F817
:10093000272097F82630D31A013B7A681A4497F893
:10094000263079680B4412781A7097F8272097F8A8
:100950002630D31A013B7A681344FA7B1A7097F851
:100960002630013387F8263097F827305B08DBB252
:1009700097F826209A42D4D397F827307A68134400
:1009800000221A70012318462837BD4680BD00BFDB
:10099000000000000000144000000000000024409F
:1009A0000000804FCDCCCCCC2DE9F04F2DED068B47
:1009B0005BEC11AB85B0404B11EE100A002259469A
:1009C00055EC104B0AF08BFA28BB0022002320467E
:1009D00029460AF0F2FA002861D0002200232046BE
:1009E00029460AF07CFA0022E0B10023504659461D
:1009F0000AF0E3FA002800F0A281304B21221A60AD
:100A000050460022002359460AF069FA002840F0B7
:100A100054822B4D002445EC104B05B0BDEC068BE9
:100A2000BDE8F08F274B504659460AF070FA98B946
:100A30001DA3D3E90023504659460AF093FA58B94A
:100A4000594650460AF0FFF906460AF03FFA524668
:100A50005B460AF044FA18B9184B21221A60D8E70D
:100A600005F100431D4606F00103019300224FF0FB
:100A70008043504659460AF032FA28B30CA3D3E912
:100A80000023204629460AF042FAE8B122462B46C6
:100A90002046294607F0DAFC04460D46BBE70190E4
:100AA000E4E700BFAFF300800000C0FFFFFFDF41BD
:100AB000408CB5781DAF15440000F03F0C2D002090
:100AC0000000F0FF0000E0C145EC104B03A800F06F
:100AD0006BFF57EC106B10EE100AACA3D3E90023A8
:100AE00039460AF06AFA002814BF08240024A04DF1
:100AF00004F1040805EBC801D1E9000132463B4688
:100B00000AF086FA002818BF444604F1020805EBF3
:100B1000C801D1E9000132463B460AF079FA0028C3
:100B200018BF444605EBC405D5E902893046424664
:100B30004B46394607F0A4FD8E4B621003EBC2030F
:100B4000D3E9002307F09CFD8B4B41EC180B0022EE
:100B50003046394607F07AFC874B06460F4600229E
:100B60004046494607F072FC02460B46304639467D
:100B700007F05CFE02460B4651EC180B07F0E4FC54
:100B800002460B468046894607F060FC6EA3D3E917
:100B9000002306460F4607F059FC6DA3D3E9002356
:100BA00007F044FE32463B4607F050FC6AA3D3E907
:100BB000002307F03BFE32463B4607F047FC68A3A4
:100BC000D3E9002307F032FE32463B4607F03EFCF5
:100BD00042464B4607F03AFC63A3D3E9002306469E
:100BE0000F4607F033FC41EC1A0B0398C4EB0010DE
:100BF00001380AF06BF9614B002207F027FC604BCB
:100C000041EC180B00225046594607F01FFC0AF031
:100C10001AF90AF05BF9594B002207F017FC52A3AE
:100C2000D3E9002341EC190B4046494607F00EFC7E
:100C3000324604460D463B4651EC1A0B07F0F6FDD2
:100C400002460B462046294607F0F0FD42464B4639
:100C500007F0ECFD52465B4607F0F8FB53EC192B0E
:100C600004460D465046594607F00AFD53EC182B32
:100C700007F0ECFB02460B462046294607F0D6FD5E
:100C80003F4B002204460D4607F0E0FB0AF0DBF87C
:100C90000AF01CF9394B002207F0D8FB06460F4634
:100CA00002460B462046294607F0EAFC53EC192B76
:100CB00004460D4651EC180B07F0C8FB32463B4684
:100CC00007F0B4FD2E4B00228046894607F0BEFB9C
:100CD0000AF0B9F80AF0FAF8284B002207F0B6FB40
:100CE000064602460B460F464046494607F0C8FCFA
:100CF00022462B4607F09AFD214B0022804689466A
:100D000007F0A4FB0AF09FF80AF0E0F81B4B002262
:100D100007F09CFB02460B4604460D46304639461A
:100D200007F084FD164B002207F090FB0AF08BF8C9
:100D3000144B984206462DDA134B22221A600024E7
:100D4000002568E6AFF3008028FC4ADBFD783C3FD5
:100D5000AC8D272E2449623F0E089E999999893FB0
:100D60004D5555555555B53FF80BAE941D55DC3FC7
:100D700008B1000090B100000000E03F0000B03F6B
:100D80000000304020C0FFFF0C2D0020CD3B7F66CF
:100D90009EA0E63F22462B464046494607F070FC9F
:100DA0000022002304460D460AF0DCF840B120463C
:100DB0002946514B002207F063FC013604460D46DC
:100DC000002EB5BF06F10F084FEA26184FEA281883
:100DD00008F101084948C6EB081639A3D3E90023F6
:100DE00000EBC6062946204607F030FB36A3D3E9C0
:100DF000002307F01BFD22462B4607F027FB34A3F8
:100E0000D3E9002307F012FD22462B4607F01EFB14
:100E100031A3D3E9002307F009FD22462B4607F052
:100E200015FB2FA3D3E9002307F000FD22462B4634
:100E300007F00CFB2CA3D3E9002307F0F7FCD6E95D
:100E4000006722462B4607F001FB29A3D3E90023C4
:100E500007F0ECFC22462B4607F0F8FA32463B46F8
:100E600007F0F4FA02460B463046394607F0DEFC3E
:100E700041EC100B03A800F097FD03984044B0F537
:100E8000806F09DD1E4B22221A60019B002B7FF42C
:100E9000C0AD1C4D0024BEE56FF47F739842FFF691
:100EA0004BAF00F0B5FD019B55EC104B002B3FF410
:100EB000B2AD05F100431D46ADE5134D0024AAE592
:100EC00080CC92E3DD4EEF3E744C38E07A2F243F25
:100ED0009FCDD7187ED8553F981D136EABB2833F78
:100EE0006D0203D7086BAC3FCEC482FFBDBFCE3FBF
:100EF000EF39FAFE422EE63F0000B03F08B1000095
:100F00000C2D00200000F07F0000F03FFFFFFFFFEE
:100F10002DE9F04F2DED068B00239BB0CDE9083372
:100F20009FEDBF9B04460F928B461BF8015B002D83
:100F30004BD0252DC24E4ED07219636892F8802096
:100F4000D10703F1FF3323D55D461BF8013B334442
:100F500093F88030DA07F7D46368013B002B6360B5
:100F600012DB23685A1C22601878331893F88030FB
:100F7000DB0705D4214609F0B2FEAB465946D3E75C
:100F8000089B01330893E7E7204607F05BF9ECE79D
:100F9000002B636009DB23685A1C22601E78AE4276
:100FA00008D1089B01330893E8E7204607F04AF987
:100FB0000646F4E73046214609F091FE013604D199
:100FC000099B13B94FF0FF33099309981BB0BDEC8F
:100FD000068BBDE8F08F4B789A482A2B06BF01F1AB
:100FE000020B4FF0010A4FF0000A5A464FF000087A
:100FF0000A251BF8013BF11891F880108F0600F1CB
:10100000F8801AF0080F08BF6FF000486C2B40F012
:10101000FD809BF800304AF0020A02F1020B782BA7
:10102000D3DC572B00F31881252B00F05F81242B94
:10103000CBDD23F00203452BC7D14FF0FF376368A8
:10104000013B002BB946636007F10107C0F2A381A1
:1010500023685A1C22601D78731993F88030D807D2
:10106000EDD4691CACD0B8F1000F00F0A1812B2D9C
:1010700000F096812D2D40F09B814AF4007303937C
:101080006368013B002B09F102076360C0F28B81AA
:1010900023685A1C22601D7808F1FF389FED628B8F
:1010A00008F1FF36284659EC198B3D460027049776
:1010B000731C40F08081214609F011FEB0EE480A11
:1010C000F0EE680A049A0A235343032293FBF2F3D7
:1010D0000E930E9A049B9E1A304600F035FC38465B
:1010E0008DED0C0B09F0F2FE41EC100B304600F0D8
:1010F0002BFC049BB0EE40AAF0EE60AA002B80F21D
:101100001D829FED4B7B0FF23019D9E90089B0EEBB
:10111000478AF0EE678A5B4204939FED437B8DED37
:101120000A7B049BDA073BD553EC182B4046494613
:1011300007F07CFB06460F4602460B46DDE90C0134
:1011400007F084F9DDE90A23CDE90C013046394680
:1011500007F07CF953EC1A2B06460F4651EC180B9E
:1011600007F074F932463B4607F060FB53EC1A2B4C
:1011700006460F464046494607F068F900220B46EE
:1011800043EC1A2B53EC1A2B07F07AFA3B46324603
:1011900007F04CFB049B012BCDE90A0100F0D38141
:1011A00042464B464046494607F040FB53EC182B5D
:1011B00007F03CFB02460B4651EC180B07F046F9D2
:1011C00042464B4606460F464046494607F03EF922
:1011D0004FF0000842460B46894607F051FA3B465D
:1011E000324607F023FB049B5B1041EC180B049381
:1011F00097E780453FF7E9AE05FB0838B8F13008BE
:101200003FF5E3AE4AF0080A5A46F2E64C2B1BD1F2
:101210009BF800304AF0120AFFE600BFAFF30080EF
:101220009A9999999999B93F00000000000000002F
:10123000333333333333733E000000009999C93F91
:101240005FC40000CCCCCC0C682B7FF4E8AE9BF8DC
:1012500000304AF0040AE0E6583B202B3FF6B5AEDA
:1012600001A252F823F000BF8B170000CB0F000043
:10127000CB0F000093170000CB0F0000CB0F000036
:10128000CB0F0000CB0F0000CB0F0000CB0F0000F6
:10129000CB0F00001B130000811300003B10000067
:1012A0003B1000003B100000CB0F00007516000043
:1012B000CB0F0000CB0F0000CB0F0000CB0F0000C6
:1012C000B5160000CB160000D3160000CB0F0000AF
:1012D000CB0F0000DF160000CB0F000081170000CD
:1012E000CB0F0000CB0F00008B1700006368013BA1
:1012F000002B63600CDB23685A1C22601D78252DAF
:101300003FF44FAE2146284609F0E9FC013556E688
:10131000204606F097FF0546F1E71AF0080F08BFD0
:101320004FF001081AF0010701BF0F9B1A1D0F9221
:101330001D6818BF0025B8F1000F3FF446AE089BAA
:101340009844089B013308936368013B002B63605A
:1013500010DB23685A1C226018780FB905F8010BBE
:10136000089B4345EDD1002F7FF408AE099B013364
:10137000099303E6204606F065FF461CEDD11FE603
:10138000CDF800800A234AF020020FA9204606F07B
:1013900085FE054609E1204606F054FF05465BE65A
:1013A000CDF80CA06CE6204606F04CFF054673E62F
:1013B000CDF80CA072E62E2814D1039B5A0611D446
:1013C00043F040030A936368013B002B05F10105DC
:1013D000636041DB23685A1C226018780A9B0393E0
:1013E000013E65E6AC4B034493F8803013F0200FC8
:1013F000039B35D043F480730A93039B03F04003AF
:101400000393A64B9F42A0F1300009DC0A2303FBA3
:101410000707039B002BD6D0049B013B0493D2E724
:1014200009F054FD42464B4607F010F802460B46C1
:1014300051EC180B07F0FAF9994B41EC180B00220C
:101440004046494607F080F8039B80468946002BBA
:10145000B9D1049B0133E1E7204606F0F3FEBDE776
:1014600020F02002452A03F480737FF424AE002B81
:101470003FF421AE039B23F4C07303936368013BE5
:10148000002B636020DB23685A1C226018782B280D
:1014900022D02D281CD001357F4B4FF000082E4460
:1014A0004FF00A09721B002A04DD1A1892F88020F6
:1014B000910622D4039B13F0800F049B14BFA3EB6F
:1014C000080343440493F6E5204606F0BBFEDEE73E
:1014D000039B43F0800303936368013B002B05F1FA
:1014E0000205636005DB23685A1C22601878013E00
:1014F000D2E7204606F0A6FEF9E7039A42F480728E
:1015000003926268013A3038002A09FB080805F1A5
:101510000105626004DB2268511C21601078C1E77C
:10152000204606F08FFE5C4BBCE7DFF88491B0EEFE
:10153000478AF0EE678A4FF00008EEE59FED507B9A
:10154000F3D18DED0A7BDDE90A23DDE90C0107F01B
:101550006DF953EC1A2B07F069F941EC100B11A847
:1015600000F0BEF9119E0E9B3344B3F5806F1E460A
:10157000119321DD039B9B051BD49FED437B494BBE
:101580008DED067B22221A60039BDE057FF51DADE3
:10159000980703F0010639D53EB90F9B1A1D0F922B
:1015A0009DED067B1B6883ED007B002D80F2C680DD
:1015B000ACE69FED377BE2E76FF47F739E4212DA71
:1015C00051EC100B002200238DED040B09F087FC79
:1015D0009DED040B38B99FED2A7B324B22228DED15
:1015E000067B1A60D0E7039B9F05304609D500F0C3
:1015F000ABF953EC102B03F100438DED060A079372
:10160000C2E700F0A1F98DED060BBDE79DED060BDD
:1016100012A800F065F9129B7E33002B129312DCA6
:10162000DDE906010022002309F059FCE8B91D4B51
:1016300022221A600020002EB7D10F9B1A1D0F9294
:101640001B681860B1E7FE2B0FDDDDE90601002203
:10165000002309F0DDFC144A144B002808BF134690
:10166000104A186822211160E5E7DDE9060107F05C
:1016700067F9E0E7CDF80080002384E6AFF300804F
:101680000000000000000000000000000000F07FEB
:10169000000000000000F0FF5FC400009F86010012
:1016A000000024400C2D0020880000208C00002029
:1016B000000014400F9B1A1D0F921B68089A1AF025
:1016C000040F14BF1A801A6058E4CDF80080082374
:1016D00059E6CDF8008010232AF0060255E64FF0B7
:1016E000FF356368013B002B05F1010563602EDBCC
:1016F00023685A1C22601878331893F8807017F00A
:101700000107EED1411C3FF45BAC1AF0010901BFA7
:101710000F9B1A1D0F921F68A844454506D0421C16
:1017200004D0331893F88030DB0714D5214609F034
:10173000D6FAB9F1000F01D187F800901AF0010F25
:1017400002BF099B01330993089B2B442BE42046DD
:1017500006F078FDD0E7B9F1000F01D107F8010BD1
:101760006368013B002B05F10105636004DB23681E
:101770005A1C22601878D0E7204606F063FDCCE7BB
:10178000CDF800800A235246FFE5CDF800801023F3
:10179000F9E59BF800300022CDE91222CDE91422B0
:1017A000CDE91622CDE918225E2B0DBF9BF8013042
:1017B0000BF1010B00210BF1020B08BF01210125E8
:1017C000002B3FF402AC5A111AA800EB820203F07E
:1017D0001F0352F8200C05FA03F318431BF8013BD2
:1017E00042F8200C5D2BEBD179BB1AF0010636D004
:1017F00000276368013B002B636035DB23685A1CBC
:1018000022601D7828460025A84516D0421C14D019
:1018100000280346B8BF00F11F031AAA5B1102EBB0
:101820008303414253F8203C01F01F0100F01F02E6
:1018300058BF4A421341DB071ED4214609F04FFA34
:10184000002E7FF4B2AE3E70AFE612A908220B68FC
:10185000013A6FEA030341F8043BF8D1C5E70F9B57
:101860001A1D0F921F68C4E7204606F0EBFC411CCE
:101870000546C7D1FFF7A4BB0EB907F8010B636893
:10188000013B002B05F10105636004DB23685A1C52
:1018900022601878B8E7204606F0D4FCB4E700BF11
:1018A00030B585B00C4601AB0B4902AA054609F0DC
:1018B000B4F9002804DC04B125609FED050B05E0B8
:1018C00014B10198054425609DED020B05B030BDB3
:1018D000000000000000000059C40000FFFFFFFFEF
:1018E000F8B555EC104B0646002210EE100A002306
:1018F000294609F0F4FA20B19FED110B0023336063
:10190000F8BDC5F30A5122462B46A1F2FE3079B943
:10191000C5F31301E70F01F4002547EA4101C1F3C4
:10192000130164000DB90138F4E761F31303224693
:1019300040F2FE3161F31E5343EC102B3060DFE7C1
:10194000000000000000000070B555EC104B06468A
:10195000002210EE100A0023294609F0C0FA10B147
:101960009FED0B0B70BDC5F30A51881940F2FE7153
:10197000884205DD0A4B22229FED070B1A60F1E732
:101980000028EDDD60F31E5545EC104BEAE700BF83
:101990000000000000000000000000000000F07FD8
:1019A0000C2D0020FFFFFFFFF8B555EC104B06464D
:1019B000002210EE100A0023294609F090FA20B107
:1019C0009FED110B00233360F8BDC5F30A51224689
:1019D0002B46A1F2FE3079B9C5F31301E70F01F4EC
:1019E000002547EA4101C1F3130164000DB9013834
:1019F000F4E761F31303224640F2FE3161F31E5314
:101A000043EC102B3060DFE7000000000000000016
:101A100070B555EC104B0646002210EE100A00235C
:101A2000294609F05CFA10B19FED0B0B70BDC5F3B0
:101A30000A51881940F2FE71884205DD0A4B2222C4
:101A40009FED070B1A60F1E70028EDDD60F31E55EE
:101A500045EC104BEAE700BF00000000000000006A
:101A6000000000000000F07F0C2D002080B584B045
:101A700000AF786039607B68002BFCD03B68002B9E
:101A800001D1002313E00C4B1B68002B01D1002374
:101A90000DE03A687968094808F081FE0346FB8149
:101AA000FB89002B01D13B6801E04FF0FF33184662
:101AB0001037BD4680BD00BFB8000020B000002038
:101AC00080B58EB000AFB9607B600346FB731346F0
:101AD000BB730023FB867B687B61BB68BB61002313
:101AE0003B7700237B770123BB770123FB77002320
:101AF00087F82030002387F82130FB7B87F82230DD
:101B0000BB7B87F82C3048F64173FB85BB7B012BF0
:101B100003D107F114033B6317E0BB7B022B03D116
:101B200043F22153FB8610E0BB7B032B03D143F22E
:101B30002153FB8609E0BB7B042B03D143F22153E5
:101B4000FB8602E043F22153FB86FB8E43F22152D7
:101B5000934230D020220021194808F023FF184B6F
:101B6000184A1A60164B1B6807F1240211461846E2
:101B700008F08DFD0346FB86FB8E002BFCD1124B3B
:101B80001B780F4B1B681149184608F0B0FD03463F
:101B9000FB86FB8E002BFCD1094B1B680C491846B9
:101BA00008F0CDFD0346FB86FB8E002BFCD1044BD9
:101BB0001B68084A1360FB8E18463837BD4680BD47
:101BC000980000209C0000201E2D0020B000002066
:101BD000B4000020B800002080B5A4B000AF786049
:101BE00039600023C7F888300023C7F88C30002301
:101BF000BB6007F10C037C220021184608F0D2FEDE
:101C00000E4B1B68002B12D007F108020C4B3968F1
:101C1000786807F0E3F8C7F88800D7F8882007F15C
:101C2000080311461846FFF721FFC7F88C00D7F8C4
:101C30008C3018469037BD4680BD00BFB8000020EC
:101C4000D189000080B483B000AF0346FB7197F9DF
:101C50000730002B0BDBFB7903F01F02074997F9D4
:101C600007305B09012000FA02F241F8232000BF8F
:101C70000C37BD465DF8047B704700BF00E100E013
:101C800080B582B000AF786039603B68012B02D923
:101C9000054806F03FF87B683A68043253F8223072
:101CA00018460837BD4680BDD0B1000080B582B06F
:101CB00000AF786039603B680F2B02D9094806F005
:101CC00029F87A683B6813441B78DBB263F07F0322
:101CD000D9B27A683B6813440A461A7000BF0837C5
:101CE000BD4680BD58B2000080B584B000AFF8603A
:101CF000B9607A60BB680F2B02D90D4806F00AF86C
:101D0000FA68BB6813441B78DBB223F03F03DAB2F6
:101D10007B68DBB203F03F03DBB21343D9B2FA684E
:101D2000BB6813440A461A7000BF1037BD4680BD19
:101D3000D0B2000080B485B000AFF860B9607A60BE
:101D40003B607B6840F2EA32934205D10B4B0022A4
:101D50001A700B4B00221A707B6840F2EB329342F0
:101D600005D1084B00221A70074B00221A7000BFE1
:101D70001437BD465DF8047B704700BF1F2D00205F
:101D8000202D002091000020212D002080B582B060
:101D900000AF7860786808F010F80346002B04D193
:101DA000044B1B680133034A136000BF0837BD466C
:101DB00080BD00BF4C01002080B584B000AF3B4621
:101DC00000221A605A600023FB600021234802F0C1
:101DD00001FFB860BB68802B05D100211F48FFF7C9
:101DE0004FFF03463B603B681AB21D4B1A801C4BE9
:101DF0001B881BB207EE903AF8EEE77A17EE900ACE
:101E000006F0CAFD4FF00002164B06F01FFB02461B
:101E10000B461046194606F093FD0346124A13601E
:101E2000124B01221A70124B1B680133104A1360C7
:101E3000FB68002B07D00F4B4FF080521A60BFF3A6
:101E40004F8FBFF36F8FBFF34F8F00BFBFF34F8F25
:101E500000BF00BF1037BD4680BD00BF00B00340CB
:101E6000182D00200000BA3FA8010020900000209B
:101E70001401002004ED00E090B583B002AF00F043
:101E800065FB00222C21642007F05EFB0346334AE9
:101E90001360324B1B68002B06D0304B1B68304957
:101EA000184601F0F9FB02E02E4806F0C4FD0120BF
:101EB00007F0E6FB03462C4A13602C4806F0BBFDF6
:101EC000002301930123009300234FF480722849DB
:101ED000284807F016FE0346012B03D0264806F0DB
:101EE000AAFDFEE700230193012300930023DA22D9
:101EF0002249234807F005FE0346012B03D01E4864
:101F000006F099FDFEE700230193012300930023CF
:101F1000DA221C491C4807F0F4FD0346012B03D0CC
:101F2000154806F088FDFEE7184B009300230122B8
:101F30002821174807F0D3FE0346164A1360154BB5
:101F40001C6801F03DFD024600230093002301219F
:101F5000204602F06FFA01F037FCFEE70C0100208A
:101F60004CB3000058B300000801002078B3000013
:101F700094B30000991F0000A0B30000BCB30000A0
:101F800075230000CCB30000A90400008D1D0000E3
:101F9000DCB300001001002080B596B000AF78607F
:101FA0004FF000037B65AF4B1B78DBB283F001037E
:101FB000DBB2002B00F07E81AB4B1B6807F1080100
:101FC0000322184601F07AF90346012B03D0A748F3
:101FD00006F031FD6EE1A44B1B68184607F012FCB9
:101FE00003461A46A24B1A60D7ED157AB7EE007A6F
:101FF00077EE877AC7ED157A9E4B93ED027A9E4B6A
:10200000D3ED007A77EE677AF1EE677AC7ED047A5E
:10201000984B93ED037A984BD3ED017A77EE677A7C
:10202000C7ED057A934B93ED047A934BD3ED027A87
:1020300077EE677AF1EE677AC7ED067A97ED047A64
:10204000D7ED067A37EE677AF0EE006AC7EE267AA9
:10205000C7ED077A97ED047AD7ED057A37EE277A40
:10206000F0EE006AC7EE267AC7ED087A97ED057A9A
:10207000D7ED067A37EE277AF0EE006AC7EE267AB9
:10208000C7ED097AD7ED047AB0EE670A7B48FEF710
:102090006FFB03461A467A4B1A7000233B650BE030
:1020A000764A3B6D13441978764A3B6D13440A46D1
:1020B0001A703B6D01333B653B6D062BF0DD714BB8
:1020C0002C22DA71D7ED057AB0EE670A6B48FEF77D
:1020D0004FFB03461A466A4B1A700823FB640BE059
:1020E000FB6C083B654AD15C664AFB6C13440A46AC
:1020F0001A70FB6C0133FB64FB6C0E2BF0DD614B43
:102100002C22DA73D7ED067AB0EE670A5B48FEF749
:102110002FFB03461A465A4B1A701023BB640BE080
:10212000BB6C103B554AD15C564ABB6C13440A4603
:102130001A70BB6C0133BB64BB6C162BF0DD514BCA
:102140002C22DA75D7ED077AB0EE670A4B48FEF716
:102150000FFB03461A464A4B1A7018237B640BE0A8
:102160007B6C183B454AD15C464A7B6C13440A465B
:102170001A707B6C01337B647B6C1E2BF0DD414B52
:102180002C22DA77D7ED087AB0EE670A3B48FEF7E3
:10219000EFFA03461A463A4B1A7020233B640BE0D1
:1021A0003B6C203B354AD15C364A3B6C13440A46B3
:1021B0001A703B6C01333B643B6C262BF0DD314BDA
:1021C0002C2283F82720D7ED097AB0EE670A2B4836
:1021D000FEF7CEFA03461A46294B1A702823FB63F2
:1021E0000BE0FB6B283B254AD15C264AFB6B134472
:1021F0000A461A70FB6B0133FB63FB6B2E2BF0DD81
:10220000204B2C2283F82F20D7ED037AB0EE670AFB
:102210001A48FEF7ADFA03461A46194B1A703023D6
:10222000BB630BE0BB6B303B144AD15C154ABB6B04
:1022300013440A461A70BB6B0133BB63BB6B362B6E
:10224000F0DD104B2C2283F8372097ED150A0B4850
:10225000FEF78EFA03461A46094B1A7038237B6341
:102260001EE000BF1F2D00200C010020E8B300007D
:10227000DC010020E0010020C40100205801002002
:10228000232D0020680100207B6B383B2C4AD15C59
:102290002C4A7B6B13440A461A707B6B01337B63B9
:1022A0007B6B3E2BF0DD274B0A2283F83F20264B29
:1022B00001221A70254B1B78DBB283F00103DBB2DD
:1022C000002B0CD0224B1B78DBB2002B07D01F4B0E
:1022D00001221A701F4A2049204805F0EDF8204BD2
:1022E0001B78DBB283F00103DBB2002B0CD0164B62
:1022F0001B78DBB2002B07D0194B01221A70194A48
:102300001549164805F064F8114B1B78DBB283F0D1
:102310000103DBB2002B09D005221349134808F052
:102320003FFB00F0B5F90A4B01221A70104B4FF039
:1023300080521A60BFF34F8FBFF36F8F33E600BF39
:1023400058010020680100201F2D0020212D0020B1
:102350009100002044010020BC00002000A00640A5
:10236000202D00203C0100201801002050010020F9
:1023700004ED00E080B582B000AF7860114B1B68BF
:102380000021184601F07AF80346012B05D04FF0E2
:1023900080610D4806F0E5FF0CE04FF080610A48CF
:1023A00006F0EDFF094B4FF080521A60BFF34F8FDC
:1023B000BFF36F8F034B186800230022002100F049
:1023C0007FFEDBE70801002000F10F4004ED00E094
:1023D00080B582B000AF87ED010A534BD3ED007A90
:1023E00097ED017AB4EEE77AF1EE10FA7CD54E4B18
:1023F000D3ED007AF1EE677A97ED017AB4EEE77AE1
:10240000F1EE10FA70DD494B1B78DBB2002B58D08F
:10241000474B1B680A2B54D9454B1B680F2B50D9CF
:10242000444B1B8801339AB2424B1A80424B93EDC6
:10243000007A424BD3ED027A77EE277A3E4BC3ED1A
:10244000007A3D4B93ED017A3C4BD3ED037A77EE66
:10245000277A394BC3ED017A374B93ED027A374B2C
:10246000D3ED047A77EE277A334BC3ED027A314B02
:102470001B8840F2DB52934223D92F4B93ED007A15
:10248000DFED2F6AC7EE267A2E4BC3ED007A2A4B7A
:1024900093ED017ADFED2A6AC7EE267A294BC3ED68
:1024A000017A254B93ED027ADFED256AC7EE267A95
:1024B000244BC3ED027A1F4B00221A801B4B0022D3
:1024C0001A701B4B1B68192B29D9194B19221A603A
:1024D0004FF480011C4806F044FF4FF400111A48E5
:1024E00006F04DFF00231BE0134B4FF000021A6073
:1024F000114B4FF000025A600F4B4FF000029A60F0
:102500000B4B00221A604FF480010F4806F037FF92
:102510004FF400110C4806F024FF012300E00223D1
:1025200018460837BD4680BD58000020222D0020E7
:102530004C0100201A2D0020D0010020E0010020D5
:102540000080BB44C401002040F00F4080B582B041
:1025500002AF08F015FA08F07EF908F0D4F908F097
:1025600069F905F035FB394804F00CFD374B4FF4A1
:1025700061321A60354B0122DA72344B01221A7330
:10258000002002F009FD03461A463049304804F0A5
:102590007FFB304803F0F0F840F2031200212D4891
:1025A000FFF7A2FB4FF4817201212A48FFF79CFB41
:1025B00000212848FFF77AFB01212648FFF776FB28
:1025C000254803F01DFA2449244803F0CDF90022E0
:1025D0002249234803F05CFB01222049214803F0F3
:1025E00057FB204B01931E4B009300231E4A1F49AB
:1025F000174804F06FFE1E4B1E4A1A601C4B4D22FA
:102600005A601D4B01221A70194A1849104804F0EB
:10261000DFFE00E000BF184B1B78DBB2002BF9D1C6
:10262000164B174A1A60154B40225A60154B164A32
:102630001A60144B05225A60272006F079FE134BCE
:1026400000221A6000BFBD4680BD00BF20010020EF
:1026500000A0064000100240300100200080004031
:10266000D8000020F0000020351D0000BC00002034
:102670003401002000000020202D00203C0100201B
:1026800068010020440100201801002014010020EE
:1026900080B586B000AF4C4B1B790A2B40F0908080
:1026A000494B1B786B2B78D1484B7B61786908F0DC
:1026B000F2FA0346FB74FB7C434A1344FB60FB7C49
:1026C0001A467969404808F086FA0346002B20D163
:1026D0003B1D1946F868FFF7E3F853EC102B104642
:1026E000194606F02DF90346BB6097ED027ADFED3F
:1026F000386AC7EE267A374BC3ED007A354BD3EDF7
:10270000007AB7EE007A77EE677A334BC3ED007A42
:1027100056E0324B7B61786908F0BDFA0346FB74E2
:10272000FB7C294A1344FB60FB7C1A4679692648E6
:1027300008F051FA0346002B0DD13B1D1946F868ED
:10274000FFF7AEF853EC102B1046194606F0F8F8D8
:102750000346BB6034E0224B7B61786908F09BFA4A
:102760000346FB74FB7C184A1344FB60FB7C1A464F
:102770007969154808F02FFA0346002B0DD13B1D4F
:102780001946F868FFF78CF853EC102B10461946E1
:1027900006F0D6F80346BB6012E00B4B1B787A2B91
:1027A0000ED1104B01221A700F4B4FF000021A602D
:1027B0000D4B4FF000025A600B4B4FF000029A6035
:1027C0001837BD4680BD00BF50010020F8B300009F
:1027D000000080425000002054000020FCB30000A4
:1027E00000B40000222D0020D001002080B58AB066
:1027F00000AF78600023FB6101F038F8654B1B687F
:10280000002B01D100F034F9634B1A687B68134048
:10281000002B40F0A7807B68002B2DD008227B681E
:1028200013447A689A4227D208227B6813447B605B
:102830007B6803F00703002B21D07B6823F007039C
:1028400008337A689A4214D27B6823F0070308336E
:102850007B607B6803F00703002B10D04FF0200350
:1028600083F31188BFF36F8FBFF34F8F7B6100BF7E
:10287000FEE700237B6002E000237B6000E000BFF6
:102880007B68002B6ED0454B1B687A689A4269D8EA
:10289000434B3B62424B1B687B6204E07B6A3B62BA
:1028A0007B6A1B687B627B6A5B687A689A4203D9A1
:1028B0007B6A1B68002BF1D1364B1B687A6A9A42FF
:1028C00050D03B6A1B6808221344FB617B6A1A687C
:1028D0003B6A1A607B6A5A687B68D21A08235B00DD
:1028E0009A421FD97A6A7B681344BB61BB6903F0C3
:1028F0000703002B0AD04FF0200383F31188BFF3A6
:102900006F8FBFF34F8F3B6100BFFEE77B6A5A6852
:102910007B68D21ABB695A607B6A7A685A60B86968
:1029200000F008F91D4B1A687B6A5B68D31A1B4AD2
:1029300013601A4B1A681B4B1B689A4203D2174B41
:102940001B68184A13607B6A5A68134B1B681A434A
:102950007B6A5A607B6A00221A60134B1B68013342
:10296000114A136000F090FFFB6903F00703002B8E
:102970000AD04FF0200383F31188BFF36F8FBFF3AA
:102980004F8FFB6000BFFEE7FB6918462837BD4646
:1029900080BD00BF142A0020282A0020182A002009
:1029A0000C2A00201C2A0020202A002080B586B096
:1029B00000AF78607B687B617B68002B4DD008237B
:1029C0005B427A6913447B617B693B613B695A686E
:1029D000244B1B681340002B0AD14FF0200383F3D4
:1029E0001188BFF36F8FBFF34F8FFB6000BFFEE70F
:1029F0003B691B68002B0AD04FF0200383F311883A
:102A0000BFF36F8FBFF34F8FBB6000BFFEE73B6923
:102A10005A68144B1B681340002B1ED03B691B687F
:102A2000002B1AD13B695A680E4B1B68DB431A40D6
:102A30003B695A6000F01AFF3B695A680A4B1B68F1
:102A40001344094A1360386900F074F8074B1B6897
:102A50000133064A136000F017FF00BF1837BD4668
:102A600080BD00BF282A0020182A0020242A002028
:102A700080B485B000AF4FF42053BB60274BFB60A0
:102A8000FB6803F00703002B0CD0FB680733FB60E7
:102A9000FB6823F00703FB60BA68FB68D31A1F4A80
:102AA0001344BB60FB687B601D4A7B6813601C4B52
:102AB00000225A607B68BA681344FB600822FB68F6
:102AC0009B1AFB60FB6823F00703FB60FB68154A59
:102AD0001360144B1B6800225A60124B1B680022C3
:102AE0001A607B683B603B68FA68D21A3B685A60A0
:102AF0000C4B1A683B681A603B685B680A4A1360B3
:102B00003B685B68094A1360094B4FF000421A604A
:102B100000BF1437BD465DF8047B70470C020020EF
:102B20000C2A0020142A00201C2A0020182A002029
:102B3000282A002080B485B000AF7860284BFB6065
:102B400002E0FB681B68FB60FB681B687A689A42BE
:102B5000F7D8FB68BB60FB685B68BA6813447A68A7
:102B60009A4208D1FB685A687B685B681A44FB6824
:102B70005A60FB687B607B68BB607B685B68BA6897
:102B80001A44FB681B689A4218D1FB681A68154BF7
:102B90001B689A420DD07B685A68FB681B685B68AB
:102BA0001A447B685A60FB681B681A687B681A6065
:102BB00008E00C4B1A687B681A6003E0FB681A682F
:102BC0007B681A60FA687B689A4202D0FB687A6870
:102BD0001A6000BF1437BD465DF8047B704700BF24
:102BE0000C2A0020142A002080B485B000AFF860C1
:102BF000B9607A60FB68043BFB60FB684FF0807251
:102C00001A60FB68043BFB60BB6823F00102FB68B1
:102C10001A60FB68043BFB600C4AFB681A60FB68A7
:102C2000143BFB607A68FB681A60FB68043BFB603E
:102C3000FB686FF002021A60FB68203BFB60FB68D8
:102C400018461437BD465DF8047B7047512C0000D0
:102C500080B485B000AF00237B60124B1B68B3F1DA
:102C6000FF3F0AD04FF0200383F31188BFF36F8F2B
:102C7000BFF34F8FFB6000BFFEE74FF0200383F3ED
:102C80001188BFF36F8FBFF34F8FBB6000BF00BFD2
:102C90007B68002BFCD000BF00BF1437BD465DF839
:102CA000047B70475C00002008480068006880F3DF
:102CB00008884FF0000080F3148862B661B6BFF355
:102CC0004F8FBFF36F8F00DF00BF000008ED00E003
:102CD00000BF00BF80B586B000AF464B1B68464AB8
:102CE00093420AD14FF0200383F31188BFF36F8F13
:102CF000BFF34F8F3B6100BFFEE73E4B1B683F4A6F
:102D000093420AD14FF0200383F31188BFF36F8FF2
:102D1000BFF34F8FFB6000BFFEE7394B7B617B69E0
:102D20001B78DBB27B607B69FF221A707B691B78A2
:102D3000DBB2FB70FB78DBB203F02003DAB2314B7D
:102D40001A70314B07221A6009E02F4B1B68013BB8
:102D50002D4A1360FB78DBB25B00DBB2FB70FB78C3
:102D6000DBB203F08003802BEFD0274B1B68C3F14D
:102D70000703042B0AD04FF0200383F31188BFF31D
:102D80006F8FBFF34F8FBB6000BFFEE71E4B1B680A
:102D90001B021D4A13601C4B1B6803F4E0631A4AB4
:102DA00013607B68DAB27B691A70184B1B68174A8C
:102DB00043F470031360154B1B68144A43F07043CF
:102DC000136000F0A5F8124B00221A6000F0C4F85E
:102DD000104B1B680F4A43F040431360FFF764FF3A
:102DE00000F0A8FEFFF734FF002318461837BD4651
:102DF00080BD00BF00ED00E071C20F4170C20F4105
:102E000000E400E0242D00202C2A002020ED00E02A
:102E10005C00002034EF00E080B483B000AF4FF0DE
:102E2000200383F31188BFF36F8FBFF34F8F7B6055
:102E300000BF0F4B1B6801330D4A13600C4B1B681E
:102E4000012B0FD10B4B1B68DBB2002B0AD04FF0CC
:102E5000200383F31188BFF36F8FBFF34F8F3B6065
:102E600000BFFEE700BF0C37BD465DF8047B70472E
:102E70005C00002004ED00E080B483B000AF124B92
:102E80001B68002B0AD14FF0200383F31188BFF396
:102E90006F8FBFF34F8F7B6000BFFEE70A4B1B684D
:102EA000013B094A1360084B1B68002B05D1002326
:102EB0003B603B6883F3118800BF00BF0C37BD4601
:102EC0005DF8047B704700BF5C00002080B582B0D5
:102ED00000AF4FF0200383F31188BFF36F8FBFF370
:102EE0004F8F7B6000BF00F07BFD0346002B03D0BB
:102EF000064B4FF080521A6000233B603B6883F31F
:102F0000118800BF00BF0837BD4680BD04ED00E05A
:102F100080B400AF0B4B00221A600B4B00221A60EA
:102F20000A4B1B680A4AA2FB03239B09094A013B7F
:102F30001360044B07221A6000BFBD465DF8047B96
:102F4000704700BF10E000E018E000E06C000020D7
:102F50001F85EB5114E000E0DFF80C00016841F43C
:102F6000700101607047000088ED00E000BF00BF05
:102F700080B485B000AFEFF30583FB60FB680F2BD7
:102F800014D9174AFB6813441B78FB72154B1B7846
:102F9000FA7A9A420AD24FF0200383F31188BFF3E2
:102FA0006F8FBFF34F8F7B6000BFFEE70E4B1B6838
:102FB00003F4E0620D4B1B689A420AD94FF02003DC
:102FC00083F31188BFF36F8FBFF34F8F3B6000BF58
:102FD000FEE700BF1437BD465DF8047B704700BFB5
:102FE000F0E300E0242D00200CED00E02C2A00206E
:102FF00080B584B000AF786039607B68FB60FB68A7
:10300000002B0AD14FF0200383F31188BFF36F8F99
:10301000BFF34F8FBB6000BFFEE7FFF7FDFEFB680D
:103020001A68FB68DB6BF968096C01FB03F31A444F
:10303000FB689A60FB6800229A63FB681A68FB6869
:103040005A60FB681A68FB68DB6B013BF968096C26
:1030500001FB03F31A44FB68DA60FB68FF2283F884
:103060004420FB68FF2283F845203B68002B14D1E5
:10307000FB681B69002B1AD0FB681033184600F060
:1030800005FE0346002B12D00C4B4FF080521A6005
:10309000BFF34F8FBFF36F8F09E0FB681033184603
:1030A00006F09EF9FB682433184606F099F9FFF7FD
:1030B000E3FE012318461037BD4680BD04ED00E055
:1030C00080B58EB000AFF860B9607A603B600023D5
:1030D0007B63FB683B633B6B002B0AD14FF0200303
:1030E00083F31188BFF36F8FBFF34F8FBB6200BFB5
:1030F000FEE7BB68002B03D13B6B1B6C002B01D19F
:10310000012300E00023002B0AD14FF0200383F3BA
:103110001188BFF36F8FBFF34F8F7B6200BFFEE755
:103120003B68022B03D13B6BDB6B012B01D10123ED
:1031300000E00023002B0AD14FF0200383F3118815
:10314000BFF36F8FBFF34F8F3B6200BFFEE700F00E
:1031500029FF0346002B02D17B68002B01D10123FC
:1031600000E00023002B0AD14FF0200383F31188E5
:10317000BFF36F8FBFF34F8FFB6100BFFEE7FFF719
:103180004BFE3B6B9A6B3B6BDB6B9A4202D33B680B
:10319000022B29D13A68B968386B06F06EFBF862E9
:1031A0003B6B5B6A002B10D03B6B2433184600F05E
:1031B0006DFD0346002B13D03F4B4FF080521A6039
:1031C000BFF34F8FBFF36F8F0AE0FB6A002B07D06E
:1031D000394B4FF080521A60BFF34F8FBFF36F8FA0
:1031E000FFF74AFE012363E07B68002B03D1FFF762
:1031F00043FE00235CE07B6B002B06D107F1140338
:10320000184600F0A5FD01237B63FFF735FE00F0B3
:103210002DFBFFF701FE3B6B93F844305BB2B3F13B
:10322000FF3F03D13B6B002283F844203B6B93F8B4
:1032300045305BB2B3F1FF3F03D13B6B002283F813
:103240004520FFF719FE3A1D07F1140311461846F1
:1032500000F094FD0346002B24D1386B06F005FCEA
:103260000346002B18D03B6B10337A681146184682
:1032700000F0BCFC386B06F090FB00F005FB034649
:10328000002B7FF47CAF0C4B4FF080521A60BFF3E1
:103290004F8FBFF36F8F72E7386B06F07EFB00F045
:1032A000F3FA6CE7386B06F078FB00F0EDFA0023D8
:1032B00018463837BD4680BD04ED00E080B58CB0BF
:1032C00000AFF860B9607A600023FB62FB68BB6204
:1032D000BB6A002B0AD14FF0200383F31188BFF3A0
:1032E0006F8FBFF34F8F3B6200BFFEE7BB68002BC1
:1032F00003D1BB6A1B6C002B01D1012300E000232A
:10330000002B0AD14FF0200383F31188BFF36F8F96
:10331000BFF34F8FFB6100BFFEE700F043FE0346A3
:10332000002B02D17B68002B01D1012300E0002398
:10333000002B0AD14FF0200383F31188BFF36F8F66
:10334000BFF34F8FBB6100BFFEE7FFF765FDBB6AB0
:103350009B6B7B627B6A002B1FD0B968B86A06F052
:10336000F6FA7B6A5A1EBB6A9A63BB6A1B69002B1A
:103370000FD0BB6A1033184600F088FC0346002BC0
:1033800007D03D4B4FF080521A60BFF34F8FBFF311
:103390006F8FFFF771FD012369E07B68002B03D17C
:1033A000FFF76AFD002362E0FB6A002B06D107F1FC
:1033B0001003184600F0CCFC0123FB62FFF75CFD14
:1033C00000F054FAFFF728FDBB6A93F844305BB273
:1033D000B3F1FF3F03D1BB6A002283F84420BB6AEC
:1033E00093F845305BB2B3F1FF3F03D1BB6A0022D3
:1033F00083F84520FFF740FD3A1D07F11003114601
:10340000184600F0BBFC0346002B23D1B86A06F037
:1034100016FB0346002B17D0BB6A24337A6811468B
:10342000184600F0E3FBB86A06F0B7FA00F02CFA91
:103430000346002B89D1104B4FF080521A60BFF326
:103440004F8FBFF36F8F80E7B86A06F0A6FA00F0DF
:103450001BFA7AE7B86A06F0A0FA00F015FAB86A23
:1034600006F0EDFA0346002B3FF46FAF0023184639
:103470003037BD4680BD00BF04ED00E080B58EB0A2
:1034800000AF7860396000237B637B68FB620023B8
:10349000BB6200233B63FB6A002B0AD14FF0200381
:1034A00083F31188BFF36F8FBFF34F8FFB6100BFB2
:1034B000FEE7FB6A1B6C002B0AD04FF0200383F35E
:1034C0001188BFF36F8FBFF34F8FBB6100BFFEE763
:1034D00000F068FD0346002B02D13B68002B01D1B0
:1034E000012300E00023002B0AD14FF0200383F3D7
:1034F0001188BFF36F8FBFF34F8F7B6100BFFEE773
:10350000FFF78AFCFB6A9B6B7B627B6A002B24D0F3
:103510007B6A5A1EFB6A9A63FB6A1B68002B04D104
:1035200000F0DCFE0246FB6A9A60FB6A1B69002B16
:103530000FD0FB6A1033184600F0A8FB0346002B9F
:1035400007D0544B4FF080521A60BFF34F8FBFF338
:103550006F8FFFF791FC012397E03B68002B11D19F
:103560003B6B002B0AD04FF0200383F31188BFF38D
:103570006F8FBFF34F8F3B6100BFFEE7FFF77CFC0F
:10358000002382E07B6B002B06D107F1080318466D
:1035900000F0DEFB01237B63FFF76EFC00F066F9B1
:1035A000FFF73AFCFB6A93F844305BB2B3F1FF3F9C
:1035B00003D1FB6A002283F84420FB6A93F845306C
:1035C0005BB2B3F1FF3F03D1FB6A002283F84520D1
:1035D000FFF752FC3A4607F108031146184600F07F
:1035E000CDFB0346002B32D1F86A06F028FA0346D9
:1035F000002B26D0FB6A1B68002B09D1FFF70CFCBF
:10360000FB6A9B68184600F0EBFC3863FFF734FC5C
:10361000FB6A24333A681146184600F0E7FAF86A64
:1036200006F0BBF900F030F90346002B7FF468AFD9
:10363000184B4FF080521A60BFF34F8FBFF36F8F5C
:103640005EE7F86A06F0A9F900F01EF958E7F86A93
:1036500006F0A3F900F018F9F86A06F0F0F903464D
:10366000002B3FF44DAF3B6B002B0DD0FFF7D4FB8D
:10367000F86A06F0EAF83862FB6A9B68396A18460D
:1036800000F09EFDFFF7F8FB002318463837BD46D3
:1036900080BD00BF04ED00E080B485B000AF78606D
:1036A00039600023FB6014E00F4AFB6852F83330A6
:1036B000002B0BD10C49FB683A6841F833200A4AC9
:1036C000FB68DB0013447A685A6006E0FB6801334C
:1036D000FB60FB68072BE7D900BF00BF1437BD466E
:1036E0005DF8047B704700BF302A002080B582B0AF
:1036F00000AF7860FFF790FB2C4B1B6801332B4A1F
:1037000013602B4B1B68002B09D1294A7B6813607F
:10371000264B1B68012B10D100F0BAFB0DE0254BA6
:103720001B68002B09D1224B1B68DA6A7B68DB6AB5
:103730009A4202D81E4A7B6813601F4B1B680133F4
:103740001D4A13601C4B1A687B689A647B68DB6AAD
:1037500001229A40194B1B681343184A13607B6877
:10376000DA6A13469B0013449B00154A1A447B688F
:1037700004331946104605F060FEFFF77DFB0D4B44
:103780001B68002B0ED00A4B1B68DA6A7B68DB6A69
:103790009A4207D20B4B4FF080521A60BFF34F8F03
:1037A000BFF36F8F00BF0837BD4680BD482B002098
:1037B000702A0020542B0020642B0020502B002066
:1037C000742A002004ED00E080B586B002AF204BE3
:1037D00001930023009300235A221E491E4806F03D
:1037E00090F9F860FB68012B02D100F0F1FDF86060
:1037F000FB68012B16D14FF0200383F31188BFF330
:103800006F8FBFF34F8FBB6000BF144B4FF0FF3281
:103810001A60134B01221A60124B00221A60FFF744
:1038200059FA0EE0FB68B3F1FF3F0AD14FF02003D5
:1038300083F31188BFF36F8FBFF34F8F7B6000BF9F
:10384000FEE7094B1B6800BF1037BD4680BD00BFB7
:103850006C2B002000B10000613E0000682B0020AE
:10386000542B00204C2B00206000002080B400AFBF
:10387000044B1B680133034A136000BFBD465DF86B
:10388000047B7047702B002080B584B000AF00230C
:10389000FB600023BB60414B1B68002B0AD14FF03B
:1038A000200383F31188BFF36F8FBFF34F8F3B600B
:1038B00000BFFEE7FFF7B0FA384B1B68013B374A01
:1038C0001360364B1B68002B61D1354B1B68002BF6
:1038D0005DD02EE0334BDB68DB68FB60FB681833A0
:1038E000184605F007FEFB680433184605F002FE93
:1038F000FB68DB6A01229A402B4B1B6813432A4A60
:103900001360FB68DA6A13469B0013449B00274A46
:103910001A44FB6804331946104605F08EFDFB6817
:10392000DA6A234B1B68DB6A9A4202D3214B0122DD
:103930001A601C4B1B68002BCCD1FB68002B01D0FC
:1039400000F014FB1C4B1B687B607B68002B10D0C5
:1039500000F046F80346002B02D0164B01221A60F5
:103960007B68013B7B607B68002BF1D1124B00220E
:103970001A60104B1B68002B09D00123BB600F4B52
:103980004FF080521A60BFF34F8FBFF36F8FFFF776
:1039900073FABB6818461037BD4680BD702B0020F7
:1039A000482B0020082B0020502B0020742A0020D8
:1039B000702A00205C2B0020582B002004ED00E032
:1039C00080B483B000AF054B1B687B607B681846F2
:1039D0000C37BD465DF8047B704700BF4C2B0020C0
:1039E00080B586B000AF00237B61474B1B68002B7E
:1039F0007FD1464B1B6801333B61444A3B691360EE
:103A00003B69002B20D1424B1B681B68002B0AD05E
:103A10004FF0200383F31188BFF36F8FBFF34F8FF5
:103A20003B6000BFFEE73A4B1B68FB60394B1B68ED
:103A3000374A1360374AFB681360374B1B68013302
:103A4000354A136000F092FA344B1B683A699A4287
:103A500048D32F4B1B681B68002B04D12F4B4FF012
:103A6000FF321A603EE02A4B1B68DB68DB68BB60F4
:103A7000BB685B687B603A697B689A4203D2274ADD
:103A80007B6813602EE0BB680433184605F032FDF6
:103A9000BB689B6A002B04D0BB681833184605F03E
:103AA00029FDBB68DB6A01229A401D4B1B6813434A
:103AB0001B4A1360BB68DA6A13469B0013449B00E1
:103AC000184A1A44BB6804331946104605F0B5FC81
:103AD000BB68DA6A144B1B68DB6A9A42B9D30123CC
:103AE0007B61B6E7114B1B68002B07D001237B617C
:103AF00004E00F4B1B6801330D4A13607B691846C5
:103B00001837BD4680BD00BF702B00204C2B002015
:103B1000002B0020042B0020602B0020682B0020AD
:103B2000502B0020742A0020702A00205C2B0020DB
:103B3000582B002080B487B000AF274B1B68002BA8
:103B400003D0264B01221A603FE0244B00221A606A
:103B5000234B1B68FB60FB68B3FA83F3FB72FB7AB1
:103B6000C3F11F037B611F497A6913469B0013440D
:103B70009B000B441B68002B0AD14FF0200383F3FA
:103B80001188BFF36F8FBFF34F8F7B6000BFFEE7DD
:103B90007A6913469B0013449B00124A13443B610D
:103BA0003B695B685A683B695A603B695A683B6984
:103BB00008339A4204D13B695B685A683B695A6092
:103BC0003B695B68DB68084A136000BF1C37BD4671
:103BD0005DF8047B704700BF702B00205C2B002039
:103BE000502B0020742A0020702A002080B584B059
:103BF00000AF786039607B68002B0AD14FF020035A
:103C000083F31188BFF36F8FBFF34F8FFB6000BF4B
:103C1000FEE7074B1B6818331946786805F031FC3E
:103C20000121386800F06EFB00BF1037BD4680BD33
:103C3000702A002080B586B000AFF860B9607A6065
:103C4000FB68002B0AD14FF0200383F31188BFF3E8
:103C50006F8FBFF34F8F7B6100BFFEE70A4B1B687E
:103C600018331946F86805F0E8FB7B68002B02D092
:103C70004FF0FF33BB607968B86800F043FB00BFCA
:103C80001837BD4680BD00BF702A002080B586B0C1
:103C900000AF78607B68DB68DB683B613B69002BC9
:103CA0000AD14FF0200383F31188BFF36F8FBFF366
:103CB0004F8FFB6000BFFEE73B691833184605F0E5
:103CC00019FC1D4B1B68002B1CD13B6904331846A3
:103CD00005F010FC3B69DB6A01229A40174B1B6818
:103CE0001343164A13603B69DA6A13469B00134478
:103CF0009B00134A1A443B6904331946104605F0E9
:103D00009CFB05E03B69183319460E4805F095FB0E
:103D10003B69DA6A0C4B1B68DB6A9A4205D90123BE
:103D20007B610A4B01221A6001E000237B617B6901
:103D300018461837BD4680BD702B0020502B002040
:103D4000742A0020082B0020702A00205C2B002001
:103D500080B483B000AF7860064B1A687B681A6045
:103D6000054B1A687B685A6000BF0C37BD465DF88A
:103D7000047B7047602B00204C2B002080B588B05E
:103D800000AF786039607B68002B0AD14FF02003C8
:103D900083F31188BFF36F8FBFF34F8F3B6100BF79
:103DA000FEE73B68002B0AD14FF0200383F3118814
:103DB000BFF36F8FBFF34F8FFB6000BFFEE7FFF7CE
:103DC0002BF81F4B1B68BB617B685B68BA69D31A11
:103DD0007B613B681B68B3F1FF3F02D10023FB61AD
:103DE00026E07B681A68174B1B689A420AD07B68EA
:103DF0005B68BA699A4205D30123FB613B680022E4
:103E00001A6015E03B681B687A699A420BD23B68DE
:103E10001A687B69D21A3B681A607868FFF798FFC6
:103E20000023FB6104E03B6800221A600123FB6170
:103E3000FFF722F8FB6918462037BD4680BD00BF5A
:103E40004C2B0020602B002080B400AF034B0122DC
:103E50001A6000BFBD465DF8047B70475C2B0020F4
:103E600080B582B000AF786000F052F8064B1B6856
:103E7000012BF9D9054B4FF080521A60BFF34F8FD9
:103E8000BFF36F8FF0E700BF742A002004ED00E05D
:103E900080B582B000AF00237B600CE07A681346E7
:103EA0009B0013449B00124A1344184605F098FAED
:103EB0007B6801337B607B68042BEFD90D4805F0EC
:103EC0008FFA0D4805F08CFA0C4805F089FA0C4879
:103ED00005F086FA0B4805F083FA0B4B054A1A6089
:103EE0000A4B054A1A6000BF0837BD4680BD00BFB7
:103EF000742A0020D82A0020EC2A0020082B002059
:103F00001C2B0020342B0020002B0020042B002031
:103F100080B582B000AF19E0FEF77EFF104BDB6882
:103F2000DB687B607B680433184605F0E3FA0D4BD1
:103F30001B68013B0B4A13600B4B1B68013B0A4A91
:103F40001360FEF799FF786805F0B9FE064B1B6811
:103F5000002BE1D100BF00BF0837BD4680BD00BFC8
:103F60001C2B0020482B0020302B002080B400AFF9
:103F70000A4B1B681B68002B04D1094B4FF0FF3222
:103F80001A6005E0054B1B68DB681B68044A136078
:103F900000BFBD465DF8047B704700BF002B0020CA
:103FA000682B002080B483B000AF0B4B1B68002B44
:103FB00002D101237B6008E0084B1B68002B02D173
:103FC00002237B6001E000237B607B6818460C378E
:103FD000BD465DF8047B7047542B0020702B0020F9
:103FE00080B584B000AF78607B68BB600023FB6065
:103FF0007B68002B5ED0BB68DA6A314B1B68DB6ADA
:104000009A424ED2BB689B69002B06DB2C4B1B6887
:10401000DB6AC3F10502BB689A61BB685969BB687A
:10402000DA6A13469B0013449B00264A13449942C4
:104030002FD1BB680433184605F05CFA0346002B09
:104040000AD1BB68DB6A012202FA03F3DA431E4B92
:104050001B6813401C4A1360194B1B68DA6ABB6863
:10406000DA62BB68DB6A01229A40174B1B68134374
:10407000154A1360BB68DA6A13469B0013449B0021
:10408000104A1A44BB6804331946104605F0D5F9A6
:1040900004E00B4B1B68DA6ABB68DA620123FB6041
:1040A00008E0BB681A6D064B1B68DB6A9A4201D2B6
:1040B0000123FB60FB6818461037BD4680BD00BF7A
:1040C000702A0020742A0020502B002080B586B072
:1040D00000AF78607B683B6100237B617B68002BCD
:1040E00063D0344B1B683A699A420AD04FF02003E0
:1040F00083F31188BFF36F8FBFF34F8FFB6000BF57
:10410000FEE73B695B6D002B0AD14FF0200383F380
:104110001188BFF36F8FBFF34F8FBB6000BFFEE707
:104120003B695B6D5A1E3B695A653B69DA6A3B69BC
:104130001B6D9A4239D03B695B6D002B35D13B69D1
:104140000433184605F0D6F90346002B0AD13B6923
:10415000DB6A012202FA03F3DA43174B1B681340B0
:10416000154A13603B691A6D3B69DA623B69DB6A89
:10417000C3F105023B699A613B69DB6A01229A40FF
:104180000D4B1B6813430C4A13603B69DA6A1346F4
:104190009B0013449B00094A1A443B6904331946A7
:1041A000104605F04AF901237B617B6918461837F0
:1041B000BD4680BD702A0020502B0020742A0020AC
:1041C00080B588B000AF786039607B68BB6101233F
:1041D0007B617B68002B77D0BB695B6D002B0AD1BC
:1041E0004FF0200383F31188BFF36F8FBFF34F8F1E
:1041F000FB6000BFFEE7BB691B6D3A689A4202D9BB
:104200003B68FB6102E0BB691B6DFB61BB69DB6A5C
:10421000FA699A4258D0BB695B6D7A699A4253D168
:104220002B4B1B68BA699A420AD14FF0200383F3E3
:104230001188BFF36F8FBFF34F8FBB6000BFFEE7E6
:10424000BB69DB6A3B61BB69FA69DA62BB699B697E
:10425000002B04DBFB69C3F10502BB699A61BB69F2
:1042600059693A6913469B0013449B00194A134449
:10427000994229D1BB690433184605F03BF903463E
:10428000002B0AD1BB69DB6A012202FA03F3DA438D
:10429000114B1B681340104A1360BB69DB6A012293
:1042A0009A400D4B1B6813430B4A1360BB69DA6AD3
:1042B00013469B0013449B00064A1A44BB6904330F
:1042C0001946104605F0B9F800BF2037BD4680BD3D
:1042D000702A0020742A0020502B002080B400AFE8
:1042E000074B1B68002B04D0054B1B685A6D01322D
:1042F0005A65034B1B681846BD465DF8047B704742
:10430000702A002080B584B000AF78603960294BF6
:104310001B68FB60284B1B680433184605F0EAF85D
:104320000346002B0BD1244B1B68DB6A012202FAE7
:1043300003F3DA43214B1B681340204A13607B6868
:10434000B3F1FF3F0AD13B68002B07D01A4B1B6823
:10435000043319461A4805F070F826E0FA687B68BD
:104360001344BB60144B1B68BA685A60BA68FB6898
:104370009A4209D2134B1A680F4B1B680433194633
:10438000104605F07EF810E00F4B1A680A4B1B68C8
:1043900004331946104605F074F80C4B1B68BA68D4
:1043A0009A4202D2094ABB68136000BF1037BD466B
:1043B00080BD00BF4C2B0020702A0020502B002015
:1043C000342B0020042B0020002B0020682B002021
:1043D00080B584B002AF00237B6000F0DFFA114BA0
:1043E0001B68002B0AD0104B019304230093002379
:1043F000B4220E490E4805F084FB78607B68002BE0
:104400000AD14FF0200383F31188BFF36F8FBFF3FE
:104410004F8F3B6000BFFEE77B6818460837BD46FC
:1044200080BD00BFA42B0020A82B002004B40000F6
:10443000979D000080B58AB000AFF860B9607A60DF
:104440003B6000237B62FB68002B0AD14FF0200306
:1044500083F31188BFF36F8FBFF34F8F3B6200BFB1
:10446000FEE71A4B1B68002B2AD0BB683B617B68B8
:104470007B61FB68BB61BB68052B18DCFFF792FD15
:104480000346022B09D1114B186807F110010023D4
:104490003A6BFEF715FE786212E00C4B186807F1D4
:1044A000100100230022FEF70BFE786208E0074BA4
:1044B000186807F1100100233A6805F0F9F87862EE
:1044C0007B6A18462837BD4680BD00BFA42B00205C
:1044D00080B588B002AF78603960224B1B68DB681A
:1044E000DB687B617B690433184605F003F87B6960
:1044F00093F8283003F00403002B22D07B699A69DB
:104500007B68D1187B683A68786900F0BFF8034689
:10451000002B1FD00023009300237A6800217869C4
:10452000FFF788FF38613B69002B13D14FF0200360
:1045300083F31188BFF36F8FBFF34F8FFB6000BF12
:10454000FEE77B6993F8283023F00103DAB27B6938
:1045500083F828207B691B6A7869984700BF183761
:10456000BD4680BD9C2B002080B584B000AF786034
:104570003960FFF77BF907F10803184600F066F889
:10458000F860BB68002B30D13B68002B0AD17A68F9
:10459000FB689A4206D8FFF777F9F9687868FFF761
:1045A00097FF24E03B68002B08D0134B1B681B6867
:1045B000002B01D1012300E000233B600F4B186862
:1045C0007A68FB68D31A3A68194605F066FAFFF76D
:1045D0005BF90346002B0AD1094B4FF080521A6059
:1045E000BFF34F8FBFF36F8F01E0FFF74DF900BFAF
:1045F0001037BD4680BD00BFA02B0020A42B00209B
:1046000004ED00E080B485B000AF78600E4B1B680D
:104610001B68002B01D1012200E000227B681A6098
:104620007B681B68002B05D1074B1B68DB681B6888
:10463000FB6001E00023FB60FB6818461437BD46B1
:104640005DF8047B704700BF9C2B002080B584B0D0
:1046500000AF7860FFF7B4F9F8600B4B1B68FA689D
:104660009A4205D200F036F97B6801221A6002E016
:104670007B6800221A60044AFB681360FB681846D6
:104680001037BD4680BD00BFAC2B002080B586B082
:1046900000AFF860B9607A603B6000237B61FB6823
:1046A000BA685A60FB68FA681A61BA687B689A420D
:1046B00012D87A683B68D21AFB689B699A4202D387
:1046C00001237B611BE0104B1A68FB680433194619
:1046D000104604F0D6FE12E07A683B689A4206D291
:1046E000BA683B689A4202D301237B6107E0074B1B
:1046F0001A68FB6804331946104604F0C2FE7B6951
:1047000018461837BD4680BDA02B00209C2B0020EA
:1047100080B58EB002AFCAE07B68002B18DA3B1D73
:104720000433FB62FB6A002B0AD14FF0200383F3B2
:104730001188BFF36F8FBFF34F8FFB6100BFFEE7A0
:10474000FB6A1B68FA6A5068FA6A926811469847D1
:104750007B68002BC0F2AA80FB68BB62BB6A5B6906
:10476000002B04D0BB6A0433184604F0C3FE3B465A
:104770001846FFF76BFF78627B68092B00F2978081
:1047800001A252F823F000BFB1470000B14700007A
:10479000B147000025480000394800008348000068
:1047A000B1470000B147000025480000394800002B
:1047B000BB6A93F8283043F00103DAB2BB6A83F88E
:1047C0002820BA68BB6A9B69D118BB687A6AB86A44
:1047D000FFF75CFF0346002B69D0BB6A1B6AB86A0F
:1047E0009847BB6A93F8283003F00403002B5ED08F
:1047F000BA68BB6A9B691A44002300930023002116
:10480000B86AFFF717FE38623B6A002B4FD14FF0B2
:10481000200383F31188BFF36F8FBFF34F8FBB610A
:1048200000BFFEE7BB6A93F8283023F00103DAB239
:10483000BB6A83F828203AE0BB6A93F8283043F03B
:104840000103DAB2BB6A83F82820BA68BB6A9A61AE
:10485000BB6A9B69002B0AD14FF0200383F31188B8
:10486000BFF36F8FBFF34F8F7B6100BFFEE7BB6A63
:104870009A697B6AD1187B6A7A6AB86AFFF706FF81
:1048800015E0BB6A93F8283003F00203002B03D134
:10489000B86AFEF78BF80AE0BB6A93F8283023F079
:1048A0000103DAB2BB6A83F8282000E000BF084B9E
:1048B0001B68391D00221846FEF700FD0346002B39
:1048C0007FF42AAF00BF00BF3037BD4680BD00BFB8
:1048D000A42B002080B588B002AF48E02D4B1B68A8
:1048E000DB681B683B612B4B1B68DB68DB68FB608C
:1048F000FB680433184604F0FDFDFB681B6AF8688A
:104900009847FB6893F8283003F00403002B2ED05F
:10491000FB689B693A691344BB60BA683B699A4279
:104920000ED9FB68BA685A60FB68FA681A61194BBD
:104930001A68FB6804331946104604F0A2FD16E01D
:104940000023009300233A690021F868FFF772FD05
:1049500078607B68002B0AD14FF0200383F3118825
:10496000BFF36F8FBFF34F8F3B6000BFFEE7094B74
:104970001B681B68002BB1D1064B1B687B61064B83
:104980001B68044A1360044A7B69136000BF183730
:10499000BD4680BD9C2B0020A02B002080B500AF21
:1049A000FEF73AFA124B1B68002B1DD1114804F098
:1049B00017FD114804F014FD104B0E4A1A60104BFD
:1049C0000D4A1A60002210210A2004F0BDFD0346A2
:1049D000074A1360064B1B68002B05D0044B1B686D
:1049E00008491846FEF758FEFEF746FA00BF80BD9C
:1049F000A42B0020742B0020882B00209C2B00204F
:104A0000A02B00200CB4000080B584B000AF78600B
:104A10000023FB6009E00D4AFB6852F823307A68F6
:104A20009A4206D0FB680133FB60FB68012BF2D988
:104A300000E000BFFB68012B02D9054803F06AF9CA
:104A4000FB6818461037BD4680BD00BF14B4000097
:104A500024B4000080B584B000AF786039603B6852
:104A6000002B02D13F4803F055F97868FFF7CCFFDF
:104A700003463D4A52F82330184605F0BEF93B681C
:104A80005B7803F003023B681B799B0003F00C0387
:104A90001343FB603B685B79042B03D0FB6843F056
:104AA0001003FB603B68DB785B0103F06003FA688E
:104AB0001343FB603B68DB79002B03D0FB6843F0BA
:104AC0008003FB607B68FA689A607B68DB6823F090
:104AD0000F03FB603B685B79042B06D03B685B7976
:104AE00003F00303FA681343FB603B689B79002BD8
:104AF00003D0FB6843F00403FB603B689B78002B0A
:104B000003D0FB6843F00803FB607B68FA68DA6057
:104B10007B681B6A23F00303FB603B681B7803F090
:104B20000303FA681343FB607B68FA681A623B6808
:104B30001B7A002B06D07B685B6A43F008027B6817
:104B40005A6205E07B685B6A23F008027B685A6260
:104B50003B685B7A1946786805F01DFA00BF10378C
:104B6000BD4680BD5CB400001CB4000080B586B0BA
:104B700000AFF860B9607A60BB68012B02D91348B6
:104B800003F0C8F87B68002B02D1114803F0C2F88B
:104B90007B681B6803F01F037B617B685B79002BDC
:104BA00003D07B6943F020037B617B681B79002B7A
:104BB00003D07B6943F040037B61FB68BA68796985
:104BC00043F8221000BF1837BD4680BD7CB40000FA
:104BD000ACB4000080B584B000AF786039603B6849
:104BE000012B02D90A4803F095F80023FB607B688B
:104BF0003A6853F8223003F08003002B03D0FB689F
:104C000043F08003FB60FB6818461037BD4680BD4B
:104C1000D0B4000080B483B000AF7860084B1B684C
:104C200023F440227B689B0403F44023044913438C
:104C30000B6000BF0C37BD465DF8047B704700BFBA
:104C40000070044080B483B000AF78600A4B03F575
:104C500080535B6823F440327B681B0403F44033C9
:104C60000549134301F58052536000BF0C37BD4620
:104C70005DF8047B704700BF0070044080B582B0CF
:104C800000AF174B1B7BDBB203F00303022B1CD0DE
:104C9000022B1DD8002B02D0012B0BD018E0114B9A
:104CA0001B68002B02D1104803F034F80D4B1B6831
:104CB0007B6010E00D4B1B68002B02D10C4803F009
:104CC00029F80A4B1B687B6005E00A4B7B6002E019
:104CD00000237B6000BF7B6818460837BD4680BD57
:104CE00000400640B02B002000B50000B42B00208F
:104CF00024B50000006CDC0280B582B000AFFFF785
:104D0000BDFF7860254B1B78DBB2DB08DBB203F01C
:104D10000703FB70FB787A6822FA03F37B601F4B72
:104D20005B78DBB21B09DBB203F00303BB701B4BE8
:104D30001B7BDBB203F003037B70BB78002B02D03C
:104D40007B78002B02D07B78022B21D1FB78072BBC
:104D500014D0072B19DC052B02DC002B03DA14E03E
:104D6000062B04D011E07B685B097B6011E07B6857
:104D70000B4AA2FB03231B097B600AE07B68094AFC
:104D8000A2FB0323DB087B6003E000237B6000E0E1
:104D900000BF7B6818460837BD4680BD004006400E
:104DA000CDCCCCCCABAAAAAA80B483B000AF0E4BBA
:104DB0009B79DBB203F00103002B03D10B4B1B6883
:104DC0007B600AE00A4B1A68074B1B7ADBB25B0870
:104DD00003F0070322FA03F37B607B6818460C3765
:104DE000BD465DF8047B704700400640640000202B
:104DF0006800002080B582B000AF094B9B79DBB220
:104E000003F01003002B03D1FFF776FF786002E078
:104E1000044B1B687B607B6818460837BD4680BD25
:104E2000004006406400002080B485B000AF786088
:104E30007B6849F69702934202D80023FB7308E08F
:104E40007B68074A934202D80123FB7301E00223E7
:104E5000FB73FB7B18461437BD465DF8047B704737
:104E600000127A0080B582B000AF0C4B1B78DBB229
:104E70005BB2002B0ADA0A4B1B68002B02D10948EF
:104E800002F048FF064B1B687B6001E000237B605B
:104E90007B6818460837BD4680BD00BF00500640FD
:104EA000B02B00204CB5000080B582B000AF184B8D
:104EB0001B689B0C03F00303032B1DD0032B1FD88F
:104EC000002B02D0022B0CD01AE0FFF7CBFF0346D9
:104ED000B3F5004F02D14FF4004300E000237B60A4
:104EE00011E00C4B1B68002B02D10B4802F012FFA3
:104EF000084B1B687B6006E04FF47A737B6002E02E
:104F000000237B6000BF7B6818460837BD4680BD24
:104F100000700440B42B00206CB5000080B582B056
:104F200000AF114B03F580535B681B0C03F00303C8
:104F3000032B0ED0032B0FD8002B02D0012B04D053
:104F40000AE000F099F9786009E000F0EFF9786084
:104F500005E0064B7B6002E000237B6000BF7B68BE
:104F600018460837BD4680BD00700440006CDC0266
:104F700080B500AF00F04EF90246064B03F58053B2
:104F80005B6C1B0F03F00F030133B2FBF3F3184606
:104F900080BD00BF0070044080B584B000AF034600
:104FA000FB71FB79132B00F28A8001A252F823F0E7
:104FB00001500000015000001F5000003D50000053
:104FC0005B500000BF50000079500000815000008D
:104FD00089500000BF500000BF50000091500000F9
:104FE00099500000A1500000A9500000BF500000DF
:104FF000BF500000BF500000B1500000B75000008B
:1050000000F008F90246324B03F580535B6C1B0F2E
:1050100003F00F030133B2FBF3F3FB6052E000F047
:10502000F9F802462A4B03F580535B6C1B0E03F024
:105030000F030133B2FBF3F3FB6043E000F0EAF847
:105040000246234B03F580535B6C1B0D03F00F03EB
:105050000133B2FBF3F3FB6034E000F0DBF802460F
:105060001B4B03F580535B6C1B0C03F00F030133E8
:10507000B2FBF3F3FB6025E0FFF750FFF86021E09F
:10508000FFF712FFF8601DE0FFF7ECFEF86019E093
:1050900005F032F8F86015E000F030F9F86011E042
:1050A00000F0EAF8F8600DE000F040F9F86009E07F
:1050B000084BFB6006E04FF47A73FB6002E00023CC
:1050C000FB6000BFFB6818461037BD4680BD00BFBF
:1050D00000700440006CDC0280B582B000AF7860E4
:1050E000094A7B685B6802F5805253647B681B78D1
:1050F0001846FFF7A7FD7B685B781846FFF78AFD27
:1051000000BF0837BD4680BD0070044080B584B044
:1051100000AF786039600123FB73374804F095FFD6
:105120007B68002B0AD1354B03F580535B68334A0B
:1051300023F4802302F58052536043E03B68304AF9
:10514000934214D03B682E4A93422CD83B682D4A98
:10515000934213D03B682B4A934224D83B682A4A97
:10516000934219D03B68294A93420ED01BE0234B4F
:1051700003F580531A460923936417E01F4B03F588
:1051800080531A460223936410E01C4B03F58053AE
:105190001A460523936409E0184B03F580531A4619
:1051A0000023936402E00023FB7300BF134B03F55D
:1051B00080535B6823F4E02210497B68134301F5B8
:1051C000805253600C4804F026FF7B68B3F5E02F53
:1051D0000DD10F4B032283F844210D4B93F840313E
:1051E000DBB20B4A63F07F03DBB282F84031FB7B1A
:1051F00018461037BD4680BD1200341000700440C0
:10520000000E270700D8B805006CDC0200A24A0493
:105210000020074080B582B000AF164B9B79DBB20F
:105220009B0803F003033B603B68032B1AD801A2E1
:1052300052F823F04D520000555200005D5200001C
:105240004552000000F072F878600EE000F014F8AB
:1052500078600AE0FFF7A8FD786006E0FFF70EFD32
:10526000786002E000237B6000BF7B681846083747
:10527000BD4680BD0040064080B584B000AF1D4BE8
:105280005B78DBB203F00203002B06D1194B9B794C
:10529000DBB203F02003002B02D00023FB6024E0EC
:1052A000FFF7A8FDB860BB68002B02D1BB68FB60AC
:1052B0001BE0104BDB78DBB25B09DBB203F00303CE
:1052C000FB710C4BDB78DBB2DB09DBB203F00103D3
:1052D000BB71FA79BB7908495200134431F8133095
:1052E0001A46BB6802FB03F3FB60FB6818461037E5
:1052F000BD4680BD0040064000B6000080B582B0CB
:1053000000AF094B1B78DBB203F00203002B02D184
:1053100000237B6002E0FFF747FD78607B6818465A
:105320000837BD4680BD00BF0040064080B584B050
:1053300000AF1A4B9B79DBB203F04003002B02D184
:105340000023FB6024E004F0D0FEB860BB68002BB3
:1053500002D1134802F0DEFC104B1B79DBB203F0E4
:105360001F03DBB20133FB71FB79BA68B2FBF3F3C5
:10537000BB600A4B5B79DBB203F01F03DBB218336F
:10538000BB71BA79BB6802FB03F3BB60BB68FB600F
:10539000FB6818461037BD4680BD00BF0040064080
:1053A0008CB5000080B485B000AF0346FB71174B8D
:1053B0001B7BDBB203F00302FB799A4202D001238C
:1053C000FB7301E00023FB73104B1B7BDBB223F06C
:1053D0000303DAB2FB7903F00303DBB20B49134397
:1053E000DBB20B73FB7B002B09D040F2DC53BB60BC
:1053F00000E000BFBB685A1EBA60002BF9D1002341
:1054000018461437BD465DF8047B704700400640DF
:1054100080B485B000AF0346FB710B46BB711346E9
:105420007B713B4B9B79DBB29B0803F00303FB6072
:10543000374B9B79DBB203F00103FB72344B1B7AD1
:10544000DBB25B08DBB203F00703BB727A79BB7A8D
:105450009A422CD02E4B1B78DBB203F00203002BB8
:1054600002D1FB68012B12D1FB7A012B0FD1284B03
:105470005B78DBB2264A23F00103DBB2537000BF36
:10548000234B9B79DBB203F00103002BF8D1204BB7
:105490001B7ADBB223F02F03DAB27B795B00DBB23D
:1054A00003F00E03DBB21A491343DBB20B72184B45
:1054B0005B78DBB223F00103DAB2BB7903F00103BE
:1054C000DBB213491343DBB24B70114B1B78DBB2D9
:1054D00023F00303DAB20E49FB791343DBB20B70FE
:1054E000FB68012B04D0FB7903F00203002B08D0EA
:1054F00000BF074B9B79DBB203F00102BB799A42F4
:10550000F7D1002318461437BD465DF8047B704779
:105510000040064080B584B000AF78607B68002B07
:1055200002D11C4802F0F6FB0023FB737B685B781A
:1055300003F01F03DAB2FB7B1343FB73164AFB7BBA
:105540001371154B5B79DBB223F01F03DAB27B6872
:105550009B7803F01F03DBB20F491343DBB24B719F
:105560000D4B1B79DAB27B681B781343DBB20A4A16
:1055700043F04003DBB2137100BF074B9B79DBB2F2
:1055800003F04003002BF8D000BF00BF1037BD462A
:1055900080BD00BFACB500000040064080B584B0BF
:1055A00000AF78607B681B681846FFF73DFC034638
:1055B000FB737B681B791946194804F07CFD194B75
:1055C0005B78DBB223F03C03DAB2FB7B1B01DBB27E
:1055D00003F03003DBB21343DAB27B685B79114925
:1055E0001343DBB24B707B68063319460C4804F05A
:1055F00048FD7B685B79002B0DD0094B1B78DBB233
:105600005BB2002B07DA00BF064B9B79DBB203F0DD
:105610000203002BF8D000BF1037BD4680BD00BF8D
:10562000005006400040064080B582B000AF0346FF
:105630003960FB713B68002B02D1234802F06AFB02
:10564000224B5B78DBB2214A23F00203DBB25370BA
:105650001E4B1B78DBB203F03B03DBB21B4A63F04B
:105660007F03DBB2137000BF184B9B79DBB203F0F2
:105670001C03082BF8D1154B5B79DBB2134A23F0DE
:105680004003DBB2537100BF104B9B79DBB203F0D8
:105690002003002BF8D13868FFF73CFF0B4B5B79F8
:1056A000DBB20A4A43F04003DBB2537100BF074B41
:1056B0009B79DBB203F02003002BF8D000231846BF
:1056C0000837BD4680BD00BFC8B500000040064099
:1056D00080B582B000AF03463A60FB710B46BB71E8
:1056E0003B68002B02D1114802F014FBFB791846ED
:1056F000FFF758FEBB7939681846FFF795FF0C4B4A
:105700001B78DBB20A4A03F03F03DBB2137000BF21
:10571000074B9B79DBB29B0803F00303032BF7D104
:10572000002318460837BD4680BD00BFE4B5000021
:105730000040064080B584B000AF78600023FB6075
:1057400006E00B4A7B68934206D0FB680133FB609E
:10575000FB68002BF5D000E000BFFB68002B02D0F7
:10576000044802F0D7FAFB6818461037BD4680BDE2
:105770000010024010B6000080B582B000AF786023
:105780007868FFF7D7FF044B184604F0CFFC00BF42
:105790000837BD4680BD00BF01003C1080B483B017
:1057A00000AF0346FB7197F90730002B0BDBFB7949
:1057B00003F01F02074997F907305B09012000FA3F
:1057C00002F241F8232000BF0C37BD465DF8047B90
:1057D000704700BF00E100E080B584B000AF7860A2
:1057E0000023FB6006E00B4A7B68934206D0FB680F
:1057F0000133FB60FB68002BF5D000E000BFFB68C5
:10580000002B02D0044802F085FAFB6818461037D6
:10581000BD4680BD0080004058B6000080B584B011
:1058200000AFF860B9607A60BB680F2B02D94B48B3
:1058300002F070FA7B68002B02D1494802F06AFA44
:105840007B6803F01F03002B02D0464802F062FA87
:105850007B681A68F968BB6880335B010B441A6087
:105860007B689B8899B2FA68BB6880335B011344FC
:1058700004330A461A807B68DB8899B2FA68BB68F1
:1058800080335B01134406330A461A807B689A68AA
:10589000F968BB685B010B4403F5805308331A6059
:1058A0007B68DB681946FA68BB685B01134403F543
:1058B00080530C3319607B681A69F968BB685B0117
:1058C0000B4403F5805310331A607B689B8A99B2AE
:1058D000FA68BB685B01134403F5805314330A462E
:1058E0001A807B68DB8A99B2FA68BB685B01134453
:1058F00003F5805316330A461A807B689B69194664
:10590000FA68BB685B01134403F5805318331960D0
:10591000FA68BB685B01134403F580531C33002213
:105920001A807B689B8B99B2FA68BB685B01134451
:1059300003F580531C330A461A807B68DB8B99B2CF
:10594000FA68BB685B01134403F580531E330A46B3
:105950001A8000BF1037BD4680BD00BF8CB6000066
:10596000D0B60000ECB6000080B584B000AF78601F
:1059700039603B68002B02D11F4802F0CBF97868F0
:10598000FFF72AFF1D4B184604F0EAFB7B68002254
:10599000DA607B684FF0FF325A627B684FF0FF326B
:1059A000DA627B681B68FB60FB6823F05603FB60D0
:1059B0003B689B789B0003F004023B685B781B010B
:1059C00003F010031A433B681B789B0103F040036C
:1059D0001A433B68DB785B0003F002031A43FB6861
:1059E000134343F08003FB607B68FA681A6000BFD2
:1059F0001037BD4680BD00BF1CB70000010040103D
:105A000080B582B000AF78607B68002B02D10C4873
:105A100002F080F904220021786804F0C3FF7B685B
:105A200000229A707B6801225A707B6800221A70EB
:105A30007B680022DA7000BF0837BD4680BD00BF1A
:105A40003CB7000080B584B000AFF860B9607A6000
:105A50003B60BB680F2B02D90F4802F05BF97B68F3
:105A6000002B02D10D4802F055F93B6803F01F03EB
:105A7000002B02D00A4802F04DF9BB6880335B016D
:105A8000FA6813443A687968184600F047F800BF8E
:105A90001037BD4680BD00BF5CB70000A4B7000052
:105AA000C4B7000080B582B000AF78607B68002B7F
:105AB00002D1184802F02EF97B6803F01F03002B77
:105AC00002D0154802F026F97B6800221A607B6834
:105AD00000229A807B680022DA807B6800229A602C
:105AE0007B680022DA607B6800221A617B680022F2
:105AF0009A827B680022DA827B6800229A617B6846
:105B000008229A837B680022DA8300BF0837BD46EB
:105B100080BD00BFF8B7000018B8000080B584B0A1
:105B200000AFF860B9607A60FB68002B02D1404892
:105B300002F0F0F8FB6803F01F03002B02D03D4891
:105B400002F0E8F8BB68002B02D13B4802F0E2F813
:105B50007B6803F01F03002B02D0384802F0DAF80C
:105B6000BB681A68BB681B7A19464FF0FF338B403D
:105B7000DB431340002B02D0314802F0CBF8BB6866
:105B80005A68BB685B7A19464FF0FF338B40DB43A2
:105B90001340002B02D02B4802F0BCF8BB681A68F7
:105BA000FB681A60BB685A68FB681A61BB681B7A9D
:105BB0009BB21B029BB203F4E0639AB2BB685B7AB0
:105BC0009BB203F007039BB213439AB2FB68DA80DF
:105BD000BB68B3F90A309AB2FB689A80BB68B3F924
:105BE0000C309AB2FB689A82BB681A69FB689A60AB
:105BF000BB685B699AB2FB68DA82BB685B699AB280
:105C0000FB68DA837B68002B0DD07A68FB689A61A9
:105C1000FB689B8B9BB243F010039BB223F00803FD
:105C20009AB2FB689A8300BF1037BD4680BD00BFA3
:105C300048B8000068B8000098B80000B8B8000084
:105C4000ECB8000044B9000080B582B000AF7860C5
:105C50000C48FFF7C1FD0346DAB20B4B1A700A4B32
:105C60001B781A467B68934202D2084802F052F829
:105C7000054B1B781A467B689B1A18460837BD46A9
:105C800080BD00BF00800040252D00209CB9000091
:105C900080B588B000AFF860B9607A60FB68002B0F
:105CA00002D12F4802F036F87B680F2B02D92D481D
:105CB00002F030F818220021F86804F073FEFB6847
:105CC000BA689A607B68DAB2FB681A74B868FFF742
:105CD00083FDF861F869FFF7B7FF03461B017A6897
:105CE0001344BB612049BB69FA6841F823201F4A6D
:105CF000FB691B011A447B68134493F90030184672
:105D000004F048FAFB689A68FB681B7C80335B01EF
:105D100013447B617B6900221A607B6900229A80B0
:105D20007B690022DA807B6900229A607B6900220D
:105D3000DA607B6900221A617B6900229A827B69A2
:105D40000022DA827B6900229A617B6900229A83B1
:105D50007B690022DA8300BF2037BD4680BD00BFCB
:105D6000CCB90000ECB90000B82B002048B6000008
:105D700080B584B000AFF860B9607A60FB68002B32
:105D800002D1064801F0C6FFFB68BA681A60FB68DA
:105D90007A685A6000BF1037BD4680BD34BA000033
:105DA00080B584B000AF78600023FB737B68013B53
:105DB0001F2B52D801A252F823F000BF3D5E000015
:105DC000435E00005B5E0000495E00005B5E000019
:105DD0005B5E00005B5E00005B5E00005B5E0000DF
:105DE0005B5E00005B5E00005B5E00005B5E0000CF
:105DF0005B5E00005B5E00004F5E00005B5E0000CB
:105E00005B5E00005B5E00005B5E00005B5E0000AE
:105E10005B5E00005B5E00005B5E00005B5E00009E
:105E20005B5E00005B5E00005B5E00005B5E00008E
:105E30005B5E00005B5E0000555E00000023FB73AC
:105E40000EE00123FB730BE00223FB7308E0042345
:105E5000FB7305E00523FB7302E0044801F05AFFE1
:105E6000FB7B18461037BD4680BD00BF54BA00000A
:105E700080B584B000AFF860B9607A607B80FB6861
:105E8000002B02D13F4801F045FFBB68002B02D137
:105E90003D4801F03FFFBB69002B02D13B4801F0B8
:105EA00039FF7B68002B08D07B68202B05D87B68E6
:105EB0005A1E7B681340002B02D0354801F02AFFA0
:105EC000FB69002B08D0FB69202B05D8FB695A1E03
:105ED000FB691340002B02D02E4801F01BFFBB6A68
:105EE0007A6AB3FBF2F2796A01FB02F29B1A002B89
:105EF00002D0294801F00EFFBB687A68B3FBF2F2CA
:105F0000796801FB02F29B1A002B02D0234801F0B2
:105F100001FFBB69FA69B3FBF2F2F96901FB02F216
:105F20009B1A002B02D01E4801F0F4FE182200211B
:105F3000F86804F037FDBA69FB685A60BA68FB6814
:105F40001A60FB687A6A1A61BA6A7B6AB2FBF3F27A
:105F5000FB685A617868FFF723FF03461A46FB681F
:105F60001A72F869FFF71CFF03461A46FB685A725B
:105F7000FB683A8C9A81FB687A885A8100BF103797
:105F8000BD4680BD6CBA000090BA0000B4BA0000F3
:105F9000D8BA000038BB00009CBB0000D8BB000092
:105FA00020BC000080B58CB006AFF860B9607A60A4
:105FB0003B60FB68002B02D1214801F0ABFE0023BF
:105FC000FB820023BB8297F82C30032B1ED801A242
:105FD00052F823F0E55F0000F95F0000EF5F00007A
:105FE000036000003B6ABB827B68FB8211E00023F8
:105FF000BB827B68FB820CE03B6ABB820023FB8296
:1060000007E00023BB820023FB8202E00D4801F081
:1060100081FEB7F91620BB6A04937B6A0393B7F934
:10602000143002933B6A01933B68009313467A68ED
:10603000B968F868FFF71CFF00BF1837BD4680BD80
:1060400068BC00008CBC000080B588B000AF7860F0
:1060500039607B68002B02D1A74801F05BFE3B68EA
:10606000002B02D1A54801F055FE7B689A687B6839
:106070001B7C80335B011344BB617B68DB68002BB6
:106080006CD17B689A687B681B7C5B01134403F5C9
:1060900080531C331B889BB203F04003002B1BD1A1
:1060A0007B689A687B681B7C5B01134403F5805313
:1060B00016331B889AB27B6899687B681B7C5B01EE
:1060C0000B4403F580531E331B889BB253409BB295
:1060D000C3F30E03002B02D041F2ED3332E17B68B3
:1060E00098687B681B7C194600233A68FFF7AAFC76
:1060F0007B689A687B681B7C5B01134403F58053C3
:106100001C331B889BB27A6892687968097C0846C0
:1061100043F0080399B24301134403F580531C3341
:106120000A461A807B689A687B681B7C5B01134473
:1061300003F580531C331B889BB27A689268796898
:10614000097C084643F0020399B24301134403F566
:1061500080531C330A461A800023F3E004F033F81E
:1061600078617B68DB7CFB747B681B7DBB7497F973
:10617000132097F912309A4205DB786904F034F85D
:1061800041F2EC33DEE07B689B7C7B747B68DB7CDC
:106190005BB2DBB20133DBB25AB27B68DA747B7C70
:1061A0000133DBB2FB777B681B7D5BB297F91F2065
:1061B0009A4201D10023FB777B68FA7F9A74786951
:1061C00004F012F897F91130002B04D07B7C013BCE
:1061D000DBB25BB206E07B681B7D5BB2DBB2013BEE
:1061E000DBB25BB23B747B68DA6897F911305B0114
:1061F00013441846FFF756FC7B68DA6897F91130AC
:106200005B011344002239681846FFF787FC7B685E
:10621000DA6897F911305B0113449B8B9AB27B6863
:10622000D96897F911305B010B4442F0020292B237
:106230009A837B68DA6897F91F305B01D1187B6815
:10624000DA6897F911305B0113440A469A6197F9AD
:10625000112097F910309A4258D07B68DA6897F984
:1062600010305B0113449B8B9BB243F01003FB8106
:10627000FB8923F00803FB817B68DA6897F910300B
:106280005B011344FA899A83BB699B697A68D16878
:1062900097F9112052010A44934231D1BB699B8B7B
:1062A0009BB243F008039AB2BB699A83BB699B8B8C
:1062B0009BB243F01003FB81BB69FA899A83BB69E7
:1062C0009B8B9BB203F01003002B09D0BB699B8B07
:1062D0009BB223F008039AB2BB699A83002331E092
:1062E000BB699B697A68D16897F91F2052010A44FB
:1062F00093420BD1002325E0A4BC0000C8BC0000E1
:10630000BB699B69002B01D000231BE07B68986868
:106310007B681B7C19467B68DA6897F911305B0152
:1063200013441A46FFF77AFA7B685B7D5BB2002B59
:1063300007DA7B681A7C7B689B6802F00F02D2B296
:10634000DA76002318462037BD4680BD80B586B07A
:1063500000AF78607B68002B02D1274801F0DAFC9F
:1063600000237B617B68DB68002B08D17B681A7C8B
:106370007B689B6802F00F02D2B2DA7638E07B6865
:106380009A687B681B7C80335B0113443B617B68AC
:106390005B7D63F07F03DAB27B685A753B699B696A
:1063A000002B25D003F00FFFF8607B689B68DB684B
:1063B0007A68127CD34003F00103002B15D13B69AE
:1063C0009B8B9BB27B617B6903F08003002B04D025
:1063D0007B6903F01003002B07D07B681A7C7B6875
:1063E0009B6802F00F02D2B2DA76F86803F0FCFE86
:1063F00000BF1837BD4680BDECBC000090B589B029
:1064000000AF78607B68002B02D1674801F082FC06
:106410007B689B687A68127CDA777B689A687B680D
:106420001B7C5B01134403F580531C331B889BB218
:1064300003F08003002B14BF01230023BB767B688D
:10644000DB68002B0DD17B681B68002B00F0A78058
:106450007B681C687B685968BA7E00237868A0470F
:106460009DE07B689A687B681B7C5B01134403F5A5
:10647000805318331B687B617B689A687B681B7C40
:106480005B01134403F580531C331B889BB203F05C
:106490001003002B14BF01230023FB747B68DB680F
:1064A0001A467B699B1A7B617B695B09FB60BB7E3B
:1064B000002B02D0FB68FB760EE0FB68002B04D0BB
:1064C000FB68DBB2013BDBB205E07B681B7D5BB2A6
:1064D000DBB2013BDBB2FB767B685B7C5AB297F99F
:1064E0001B309A4219D17B68DB7CFB727B681B7D79
:1064F000BB7297F90B2097F90A309A4205D0FB7CC2
:1065000083F00103DBB2002B04D07B68DB7C5BB241
:10651000FB6112E00023FB610FE0FB7E7A68527C96
:1065200052B29B1AFB61FB69002B06DA7B681B7D6C
:106530005BB21A46FB691344FB6197F91B207B6829
:106540005A747B68DB7C5BB2DAB2FB69DBB2D31ACC
:10655000DBB25AB27B68DA747B681B68002B07D009
:106560007B681C687B685968FB69BA7E7868A047BD
:10657000BB7E002B13D07B689A687B681B7C5B0119
:10658000134403F580531C331B889BB203F01003A4
:10659000002B04D07B689B687A68127C1A7700BF56
:1065A0002437BD4690BD00BF10BD000080B500AFD0
:1065B000044B1B681846FFF721FFBFF34F8F00BF46
:1065C00000BF80BDB82B002080B500AF044B5B68D6
:1065D0001846FFF713FFBFF34F8F00BF00BF80BD0A
:1065E000B82B002080B500AF044B9B681846FFF71E
:1065F00005FFBFF34F8F00BF00BF80BDB82B002049
:1066000080B500AF044BDB681846FFF7F7FEBFF319
:106610004F8F00BF00BF80BDB82B002080B500AFFA
:10662000044B1B691846FFF7E9FEBFF34F8F00BF0D
:1066300000BF80BDB82B002080B500AF044B5B6964
:106640001846FFF7DBFEBFF34F8F00BF00BF80BDD2
:10665000B82B002080B500AF044B9B691846FFF7AC
:10666000CDFEBFF34F8F00BF00BF80BDB82B002011
:1066700080B500AF044BDB691846FFF7BFFEBFF3E0
:106680004F8F00BF00BF80BDB82B002080B500AF8A
:10669000044B1B6A1846FFF7B1FEBFF34F8F00BFD4
:1066A00000BF80BDB82B002080B500AF044B5B6AF3
:1066B0001846FFF7A3FEBFF34F8F00BF00BF80BD9A
:1066C000B82B002080B500AF044B9B6A1846FFF73B
:1066D00095FEBFF34F8F00BF00BF80BDB82B0020D9
:1066E00080B500AF044BDB6A1846FFF787FEBFF3A7
:1066F0004F8F00BF00BF80BDB82B002080B500AF1A
:10670000044B1B6B1846FFF779FEBFF34F8F00BF9A
:1067100000BF80BDB82B002080B500AF044B5B6B81
:106720001846FFF76BFEBFF34F8F00BF00BF80BD61
:10673000B82B002080B500AF044B9B6B1846FFF7C9
:106740005DFEBFF34F8F00BF00BF80BDB82B0020A0
:1067500080B500AF044BDB6B1846FFF74FFEBFF36D
:106760004F8F00BF00BF80BDB82B002080B584B024
:1067700000AF78600423BB600023FB6009E00E4A91
:10678000FB6852F823307A689A4207D0FB680133DD
:10679000FB60FA68BB689A42F1D300E000BFFA6878
:1067A000BB689A4202D3054801F0B4FAFB68184668
:1067B0001037BD4680BD00BF34BD000054BD000091
:1067C00080B586B000AF786039600023FB75002388
:1067D0003B610023FB607B68444A93420ED07B6898
:1067E000434A93420AD07B68424A934206D07B6870
:1067F000414A934202D0414801F08CFA7B689B6D7C
:10680000FB60FB6843F00803FB607B685B6E3B61E9
:106810000023FB750BE0FB7DDB000533012202FA50
:1068200003F33A6913433B61FB7D0133FB75FA7D4A
:106830007B682E498B4213D07B682D498B420DD04B
:106840007B682C498B4207D07B682B498B4201D156
:10685000042306E07F2304E0012302E0012300E09B
:1068600004239342D7D87B683A695A667B68D3F889
:106870008C303B613B6943F0B4033B613B6803F000
:106880008003002B03D03B6943F4F8533B613B6822
:1068900003F07003002B1ED03B6943F4F8133B61F7
:1068A0003B6803F01003002B03D0FB6843F0100398
:1068B000FB603B6803F02003002B03D0FB6843F030
:1068C0002003FB603B6803F04003002B03D0FB6810
:1068D00043F04003FB607B68FA689A657B683A691D
:1068E000C3F88C2000BF1837BD4680BD0080034030
:1068F0000090034000A0034000900B407CBD0000CE
:1069000080B586B000AF7860396000237B610023DA
:106910003B617B68434A934214D07B68424A93426E
:106920000ED07B68414A934208D07B68404A93422C
:1069300001D1082307E04FF0FF3304E0022302E017
:10694000022300E00823FB7397F90F30B3F1FF3FF8
:1069500002D1384801F0DEF97B68D3F88C3043F07F
:1069600004027B68C3F88C207B685B6E3B6100236C
:106970007B610BE07B69DB000533012202FA03F344
:106980003A6913433B617B6901337B6197F90F30AF
:106990005B087A699A42EDD37B683A695A667B68EC
:1069A000D3F898303B6197F90F30012202FA03F3D4
:1069B0005B423A6913403B6197F90F304FF0FF3269
:1069C00002FA03F3DA433B6813403A6913433B612D
:1069D0007B683A69C3F898207B689B6D3B613B6894
:1069E00003F48073002B04D03B6943F002033B6146
:1069F00003E03B6923F002033B613B6803F400734F
:106A0000002B04D03B6943F001033B6103E03B6989
:106A100023F001033B617B683A699A6500BF183730
:106A2000BD4680BD008003400090034000A00340AD
:106A300000900B40B8BD000080B584B000AF786016
:106A400039603B68002B02D1364801F063F93B689E
:106A50005B6803F0F003002B01D101235DE078684F
:106A6000FFF784FE0346304A52F82330184603F0FD
:106A700016FC3B681B7B5B0103F0600343F00502DF
:106A80007B685A653B685B6819467868FFF798FE33
:106A90003B689B6819467868FFF732FF3B681B78B4
:106AA00003F007027B681A603B685B789B01DAB2EF
:106AB0003B689B7E5B0203F400731A437B68C3F858
:106AC00084203B681B7E1A467B68DA653B685B7EE8
:106AD0001A467B681A673B685A697B68DA663B68C6
:106AE0009B7B9B01DAB23B681B6903F03F031A43AF
:106AF0007B689A667B68DB6FFB60FB6823F47063DE
:106B0000FB603B685B7B1B0203F47063FA68134312
:106B1000FB607B68FA68DA67002318461037BD46C9
:106B200080BD00BFD8BD000044BD000080B584B06A
:106B300000AFF860B9607A607B68002B02D113481F
:106B400001F0E8F87B681B78002B0AD1FB685A69D2
:106B50000121BB6801FA03F3DB431A40FB685A6169
:106B60000FE07B685B781A46B968F86803F000FCB0
:106B7000FB685A690121BB6801FA03F31A43FB68F9
:106B80005A6100BF1037BD4680BD00BFF0BD000098
:106B900080B584B000AF786039607B68DB78FB73C8
:106BA0007B689B78BB73BB7B03F02003002B04D175
:106BB000FB7B03F01003002B05D0094B1B683968E1
:106BC0007868984704E0074B1B68396878689847ED
:106BD000BFF34F8F00BF00BF1037BD4680BD00BF61
:106BE000042C0020082C002080B500AF034B1B684C
:106BF00019460348FFF7CCFF00BF80BDF82B0020EB
:106C00000060064080B500AF034B5B68194603483F
:106C1000FFF7BEFF00BF80BDF82B002000700640CC
:106C200080B500AF034B9B6819460348FFF7B0FFE0
:106C300000BF80BDF82B002000600E4080B584B0FE
:106C400000AF78600623BB600023FB6009E00E4ABA
:106C5000FB6852F823307A689A4207D0FB68013308
:106C6000FB60FA68BB689A42F1D300E000BFFA68A3
:106C7000BB689A4202D3054801F04CF8FB681846FD
:106C80001037BD4680BD00BF10BE000048BE0000EA
:106C900080B58AB000AFF860B9607A60BB68002B3D
:106CA00002D14E4801F036F8BB681B68002B02D1B8
:106CB0004B4801F02FF8FB684A4A934219D0FB6811
:106CC000494A934213D0FB68484A93420DD0FB686F
:106CD000474A934207D0FB68464A934201D10123B9
:106CE00008E0FF2306E0012304E0012302E008237B
:106CF00000E00823BA689279934202DA3E4801F034
:106D000009F8FB68374A934219D0FB68364A934228
:106D100013D0FB68354A93420DD0FB68344A934246
:106D200007D0FB68334A934201D1012308E0FF23D7
:106D300006E0012304E0012302E0082300E0082329
:106D4000BA68D279934202DA2C4800F0E3FF0023BC
:106D50007B62002387F823300023FB61BB681B683C
:106D60001B017A68B2FBF3F37B627B6A002B01D1D3
:106D700001237B620023BB617B685A00BB681B68F0
:106D8000B2FBF3F27B6A5B01D31A7B617B685A002A
:106D90007B6A59017B690B44B2FBF3F3BB61BB68AF
:106DA0001B68BA699A4204D9BB681B68BA69D31ACE
:106DB00003E0BB681A68BB69D31AFB61BB681B6838
:106DC0000F4AA2FB03235A0913465B001344FA69D6
:106DD0009A4217D940F2F533CEE000BF74BE0000EE
:106DE00094BE000000A0064000B0064000C006406F
:106DF00000D0064000A00E40C0BE000018BF00003A
:106E00001F85EB51F868FFF719FF03465C4A52F8FB
:106E10002330184603F0C7FAFB68DB78DBB223F0B7
:106E20000C03DAB2FB68DA70FB681B78DBB25BB28A
:106E300023F01F035AB27B6A1B0A5BB213435BB297
:106E4000DAB2FB681A707B6ADAB2FB685A70FB68C8
:106E50009B7ADBB223F01F03DAB27B69DBB203F06B
:106E60001F03DBB21343DAB2FB689A72FB689B78AC
:106E7000DBB223F0170387F82330BB689B7A9B00B3
:106E8000DBB203F00403DAB297F82330134387F838
:106E90002330BB681B79002B09D0BB681A7997F89F
:106EA00023301343DBB243F0100387F82330FB6831
:106EB00097F823209A70FB681B78DBB25BB223F053
:106EC00020035AB2BB685B795B01DBB25BB203F0B3
:106ED00020035BB213435BB2DAB2FB681A70BB6883
:106EE0009A79FB68DA74BB68DA79FB685A75FB68D3
:106EF0001B7CDBB263F07703DAB2FB681A74FB68C1
:106F00005B7CDBB263F03F03DAB2FB685A74BB68A8
:106F10001B7A002B07D0FB685B7BDBB243F00803D6
:106F2000DAB2FB685A73BB685B7A002B07D0FB6848
:106F30005B7BDBB243F00103DAB2FB685A73FB6898
:106F4000DB7887F82330BB68DB7A002B05D097F815
:106F5000233043F0080387F82330BB681B7B002BEA
:106F600005D097F8233043F0040387F82330FB68FB
:106F700097F82320DA70002318462837BD4680BDD5
:106F800030BE000080B582B000AF78607B68002B17
:106F900002D1154800F0BEFE10220021786803F0EF
:106FA00001FD7B684FF4E1321A607B6800221A71A0
:106FB0007B6800225A717B6800229A717B680122EB
:106FC000DA717B6800221A727B6800225A727B6831
:106FD00000229A727B680022DA727B6800221A73A0
:106FE00000BF0837BD4680BD70BF000080B483B0CD
:106FF00000AF786039603A68174B13403B607B689C
:107000001B78DAB23B68DBB21343DAB27B681A70E2
:107010007B68DB78DAB23B681B0ADBB21343DAB277
:107020007B68DA707B689B79DAB23B681B0CDBB259
:107030001343DAB27B689A717B685B7CDAB23B6897
:107040001B0EDBB21343DAB27B685A7400BF0C37F5
:10705000BD465DF8047B7047C0F00F0780B483B075
:1070600000AF786039603A681F4B13403B607B6823
:107070001B78DBB25AB23B685BB2DB435BB21340B6
:107080005BB2DAB27B681A707B68DB78DBB25AB22B
:107090003B681B0A5BB2DB435BB213405BB2DAB204
:1070A0007B68DA707B689B79DBB25AB23B681B0C59
:1070B0005BB2DB435BB213405BB2DAB27B689A71BE
:1070C0007B685B7CDBB25AB23B681B0E5BB2DB4376
:1070D0005BB213405BB2DAB27B685A7400BF0C3704
:1070E000BD465DF8047B7047C0F00F0780B500AF68
:1070F000054B1B68054A1268114605489847BFF3BF
:107100004F8F00BF00BF80BD242C00200C2C00201E
:1071100000A0064080B500AF054B1B68054A5268C9
:10712000114605489847BFF34F8F00BF00BF80BD91
:10713000242C00200C2C002000B0064080B500AFAD
:10714000054B1B68054A9268114605489847BFF3EE
:107150004F8F00BF00BF80BD242C00200C2C0020CE
:1071600000C0064080B500AF054B1B68054AD268D9
:10717000114605489847BFF34F8F00BF00BF80BD41
:10718000242C00200C2C002000D0064080B500AF3D
:10719000054B1B68054A1269114605489847BFF31D
:1071A0004F8F00BF00BF80BD242C00200C2C00207E
:1071B00000A00E4080B500AF054B1B68054A526920
:1071C000114605489847BFF34F8F00BF00BF80BDF1
:1071D000242C00200C2C002000B00E4080B483B082
:1071E00000AF0346FB7197F90730002B0BDBFB79EF
:1071F00003F01F02074997F907305B09012000FAE5
:1072000002F241F8232000BF0C37BD465DF8047B35
:10721000704700BF00E100E080B586B000AFF860C5
:10722000B9603B601346FB71BB68002B02D10E486E
:1072300000F070FDBB687B61FB79002B0FD07B6990
:107240001B680021184603F04BF9F86802F0DCFFD8
:107250007B691B684FF480411846FFF7C7FE00BFEB
:107260001837BD4680BD00BF90BF000090B587B005
:1072700000AFF860B9603B601346FB71BB68002B40
:1072800002D1134800F046FDBB687B61FB79002BFF
:1072900019D07B691A687B695B681946104600F053
:1072A0007FF97B695B681B68002B0CD07B695B688E
:1072B0001C687B6918687B6959687B695B685B68D7
:1072C00040F2EB32A04700BF1C37BD4690BD00BF67
:1072D000B4BF000080B586B000AFF860B9607A60D6
:1072E0003B60BB68002B02D1304800F013FDF8680A
:1072F000FFF7A4FC78612E497B69FA6841F83320D6
:107300002B4A7B69DB001344BA685A601C220021B7
:10731000B86803F047FBBB6802229A76BB6800227C
:107320005A76BB687A6A5A61BB683A6A1A61BB6866
:107330007A681A60BB683A685A607B6A002B02D090
:10734000FB6801225A751B497B69BA6841F8232002
:10735000194B1A4A1A601A49F868FFF77FFE194A52
:107360007B69134493F90030184603F094F83B6AA4
:10737000002B09D0BB6818697B69DB000C4A1344F9
:107380001A461149FEF7F4FC7B6A002B09D0BB6852
:1073900058697B69DB00064A13441A460B49FEF71D
:1073A000E7FC00BF1837BD4680BD00BFD8BF000056
:1073B000282C00200C2C0020242C0020ED7500002F
:1073C000C0F00F0728BE0000197200006D720000A7
:1073D00090B591B004AFF860B9607A60BB68002BDB
:1073E00002D1304800F096FCBB681B69002B02D12B
:1073F0002D4800F08FFC7B68002B02D12B4800F059
:1074000089FC7B681B68002B02D1294800F082FCB4
:107410007B685B68002B02D1264800F07BFCBB68D0
:107420005B7EDBB2012B03D14FF47A73FB6233E056
:10743000BB6801225A767B685A68BB68DA607B6851
:107440001C68F86803F040F8034619467B685B68DF
:1074500007F11400022203920293012301930123F6
:1074600000930B4601222146FEF79CFDBB680122DA
:107470001A76BB681B6907F1140211461846FEF71D
:10748000E3FDBB681B691846FEF760FF0121F86841
:1074900003F026F80023FB62FB6A18463437BD462A
:1074A00090BD00BF00C0000028C000005CC000000C
:1074B00080C00000ACC0000090B591B004AFF8608F
:1074C000B9607A60BB68002B02D1304800F022FC22
:1074D000BB685B69002B02D12D4800F01BFC7B6868
:1074E000002B02D12B4800F015FC7B681B68002B99
:1074F00002D1294800F00EFC7B685B68002B02D1AA
:10750000264800F007FCBB689B7EDBB2032B03D14F
:1075100040F2E933FB6233E0BB6803229A767B6872
:107520005A68BB689A60F86802F0CEFF03461C46B2
:107530007B681A687B685B6807F11400012103917E
:107540000293012301930123009313460122214654
:10755000FEF728FDBB6801221A76BB685B6907F15C
:10756000140211461846FEF76FFDBB685B691846AA
:10757000FEF7ECFE0121F86802F0E2FF0023FB6257
:10758000FB6A18463437BD4690BD00BFD8C0000026
:1075900000C1000034C1000058C1000084C10000D7
:1075A00080B582B000AF786039603B68002B02D1B3
:1075B0000C4800F0AFFB3B685B69002B02D10A4826
:1075C00000F0A8FB0021786802F0BAFF3B685B6915
:1075D000184602F019FE3B6802229A7600BF08376F
:1075E000BD4680BDB0C10000D8C1000090B585B0D7
:1075F00000AF786039603B68002B02D10E4800F084
:1076000089FB3B68FB60FB6800225A764FF480419F
:107610007868FFF723FDFB681B68002B08D0FB6828
:107620001C68FB685B6840F2EA32F9687868A0473A
:1076300000BF1437BD4690BD0CC2000080B500AF3E
:107640000B4BD3F888300A4A43F47003C2F88830F1
:10765000084B4CF22052DA81064B4DF62812DA81A3
:10766000044B4FF4E9721A8002F09AFF00BF80BD0C
:1076700000ED00E00020054080B588B000AF7860E4
:1076800039607B68002B02D1404800F043FB3B6827
:10769000002B02D13E4800F03DFB3B689B7B052B55
:1076A00002D93C4800F036FB3B689B7B1A463A4BBC
:1076B00053F82230002B02D1384800F02BFB07F1A1
:1076C00008031846FFF75EFC3B685B68BB603B68DD
:1076D0001B7A022B02D102233B7308E03B681B7A22
:1076E000032B02D103233B7301E000233B733B6870
:1076F0005B7A012B02D101237B7301E000237B73B2
:107700003B689B7A002B14BF01230023DBB23B753F
:107710003B68DB7A002B14BF01230023DBB2FB7430
:107720003B681B7B002B14BF01230023DBB23B749F
:107730003B685B7B002B14BF01230023DBB27B740F
:107740000023BB730123FB733B689B7B1A46124BE0
:1077500053F822003B681A6807F108031946FFF73F
:1077600097FAF861FB69002B04D0F86902F01FFF5B
:10777000034606E07B68BB613B689A7BBB691A7075
:10778000002318462037BD4680BD00BF54C200000C
:1077900074C2000094C200003CC20000F4C20000A9
:1077A00080B586B000AFF860B9607A60FB68002BE6
:1077B00002D1104800F0AEFABB68002B02D10E488F
:1077C00000F0A8FA7B68002B02D10C4800F0A2FA66
:1077D000FB687B617B691B781A46094B53F82230A2
:1077E0007A68B968184602F0F8FD00231846183781
:1077F000BD4680BD34C3000054C3000074C3000004
:107800003CC2000080B483B000AF78600A4B03F53F
:1078100080535B6823F040527B681B0703F04053A2
:107820000549134301F58052536000BF0C37BD4634
:107830005DF8047B704700BF0070044080B483B0E3
:1078400000AF78600A4B03F580535B6823F4401265
:107850007B681B0503F440130549134301F580526F
:10786000536000BF0C37BD465DF8047B704700BF16
:107870000070044080B483B000AF78600A4B03F519
:1078800080535B6823F400227B68DB0403F400234D
:107890000549134301F58052536000BF0C37BD46C4
:1078A0005DF8047B704700BF0070044080B483B073
:1078B00000AF78600A4B03F580535B6823F4805275
:1078C0007B681B0303F480530549134301F5805281
:1078D000536000BF0C37BD465DF8047B704700BFA6
:1078E0000070044080B483B000AF7860094B03F5AA
:1078F00080535B6823F0E0027B685B01DBB20549E3
:10790000134301F58052536000BF0C37BD465DF84C
:10791000047B70470070044080B400AF054B03F552
:1079200080531A464FF09273536400BFBD465DF812
:10793000047B70470070044080B483B000AF78606F
:10794000044A7B68136000BF0C37BD465DF8047BBA
:10795000704700BFB02B002080B483B000AF034657
:10796000FB710B4B1B78DBB223F03803DAB2FB79E7
:10797000DB00DBB203F03803DBB205491343DBB2B3
:107980000B7000BF0C37BD465DF8047B704700BF2D
:107990000040064080B500AFFFF7BEFF1948FDF775
:1079A000FDFD194B1846FFF7C7FF022301210122F5
:1079B0001846FDF72DFD00231846FFF7CDFF0023E5
:1079C000124A00211846FDF783FE1148FDF784FB9B
:1079D000104B114A1A6010494FF4A020FDF796FB96
:1079E0000220FFF72BFF0020FFF744FF0220FFF7E4
:1079F00009FF0020FFF776FF0120FFF757FF00BFC8
:107A000080BD00BFA8C3000080F0FA029CC3000044
:107A1000A0C300006C000020000E270780B500AF57
:107A20000B490C48FDF716F800210A4802F019FF2F
:107A300000231946074802F092FA064802F0F7F9C7
:107A4000054A00210348FDF791F800BF80BD00BF43
:107A5000B0C3000000B003407000002080B500AF4C
:107A600011491248FEF7E8FF0220FDF795FA024699
:107A70000E4B1B6803F0070322FA03F30C4AA2FB28
:107A80000323DB08013B1946084802F006FF0023E8
:107A900010220021054802F01CFC0121034802F0DD
:107AA0000DFF00BF80BD00BFBCC3000000800340CD
:107AB000CDCCCCCC80B586B000AFF860B9607A6030
:107AC0007B68002B02D1084800F024F9BB689B00BA
:107AD000FA6813447B617B697A6812881A8000BF58
:107AE0001837BD4680BD00BFD8C3000080B584B044
:107AF00000AF324802F00DFF314802F00AFF0123C7
:107B00003B7300237B7307F10C031A4600212D48B9
:107B1000FFF70CF801233B7200237B7207F1080387
:107B20001A4601212748FFF701F801233B71002382
:107B30007B713B1D1A4602212248FEF7F7FF012305
:107B40003B7000237B703B461A4605211D48FEF71B
:107B5000EDFF072202211C4802F0F5FE1A4B9B683C
:107B6000194A23F0807323F043039360012200211C
:107B7000164802F0E8FE154B1B68144A23F0807388
:107B800023F00403136001220121104802F0DBFE00
:107B90000E4B5B680D4A23F0807323F0040353609F
:107BA00001220221094802F0CEFE012205210748E8
:107BB00002F0C9FE00BF1037BD4680BD0900381075
:107BC0000B00381080F00F400090044000B00440DB
:107BD00080B586B000AF2E4802F09BFE2D4802F023
:107BE00098FE2D4B1B88BB8207F114031A46152102
:107BF0002A48FEF79BFF284B1B883B8207F11003A6
:107C00001A4616212548FEF791FF234B1B88BB819E
:107C100007F10C031A461A212148FEF787FF0023BB
:107C20003B813B7A43F004033B727B7A012262F38F
:107C300002037B7207F108031A4615211948FFF762
:107C400039FF0023BB803B7943F004033B717B7910
:107C5000012262F302037B713B1D1A461621114873
:107C6000FFF728FF00233B803B7843F004033B7081
:107C70007B78012262F302037B703B461A461A218D
:107C80000948FFF717FF00BF1837BD4680BD00BF8A
:107C90000A0038100D00381020C4000040F00F40DA
:107CA00000F10F4000A0044000D0044080B582B035
:107CB00000AF154802F02DFE0023BB807B79032224
:107CC00062F302037B713B1D1A4610210F48FFF738
:107CD000F1FE00233B807B78032262F302037B707A
:107CE0003B461A4611210948FFF7E4FE084B03F50D
:107CF00080531B69064A23F0030302F58052136187
:107D000000BF0837BD4680BD0A00381000A00440FF
:107D10000070044010B50F4904460F4802F045FFBB
:107D20000C49204602F041FF0C49D1F88030013B5C
:107D3000002BC1F8803008DB8B6F5A1C8A670A223F
:107D40001A70BDE8104002F02ABE78310A2002F015
:107D50004BFEF6E7D02C002028C40000582C002051
:107D60002DE9F041D5685769EB0280460E4614466E
:107D700005D5384603F0ADF945F01005A061124B6A
:107D80002B408BB1A169384603F0B1F9002806DA1F
:107D9000E36843F08003E3604FF0FF3011E025F427
:107DA000003525F01005E56032464146384603F0BF
:107DB000A4F920F00041761AA1690E44A6610028BA
:107DC000E6D1BDE8F08100BF10000200F8B5304FE9
:107DD0003C68002851D10020F8BD2368B3F1805FD2
:107DE00039D1D4E9013151B10D68B5F1805F06D1C7
:107DF000DD1C4B682B4463608B68A360F1E7B342E2
:107E000007DB734505DC20464FF0005340F80C3B80
:107E1000E2E7634511D920464FF00055666040F80F
:107E20000C5B22F0030542199B1BA260033B4FF041
:107E300080544451C2E90131CEE761B9A0EB83001F
:107E400000F0BCFA0130C6D04FF00053C4E9003650
:107E500004F10C00C0E72546A468002CBDD10C300D
:107E600000F0ACFA431CB6D04FF00053C0E9003626
:107E7000846055B938600C30AEE7C21C9608002506
:107E800006F10A0C06F1030EE7E7A860F3E700BF6E
:107E9000142D002010B5FFF799FF044628B90449B6
:107EA000172203F02AF902F07AFD204610BD00BF28
:107EB0003DC400002DE9F843C6683C4B33400446FE
:107EC0000D4690461BB902273846BDE8F883D0F826
:107ED0001490484603F000F907460028F3D1B8F1A2
:107EE000010F2CD0B8F1020F2ED0B8F1000FEAD15B
:107EF000002DE8DBB00404D52368E26A9A4238BF5B
:107F0000E362A169A9420EDC2368E26A934238BFAA
:107F1000134622695818801AA84204DB206B01EB33
:107F2000000CAC4531DC0023C4E9013346F02006E7
:107F3000A56226F4032626F04006E660C4E7204644
:107F400000F036F80544D3E7484603F0C2F8B0F134
:107F5000000CE26804DA42F08002E2600127B3E735
:107F60002168A369E06A81422CBF5B181B18216954
:107F70009206A3EB010303D5A26A9342B8BF13464E
:107F80006345ACBFED186544B2E76D1AB10744BF55
:107F9000281AA060F10744BF9B1AEB1A154448BF8A
:107FA0006360256026F02006C3E700BF03001000D1
:107FB000C3689A0705D10E4B21221A604FF0FF309B
:107FC000704703F020021B0309D512B1806A013803
:107FD00070470368826900691344181AF7E70AB109
:107FE000806A70470368826900691344181A7047F1
:107FF0000C2D002010B5174A1749002002F099FEF9
:108000004FF480734FF480620021124802F024FE86
:10801000124A1349012002F08CFE4FF480730F487E
:108020004FF48062002102F017FE0E4B1B68022BFA
:108030000EDD0D4A0A49022002F07BFEBDE8104029
:1080400009484FF480734FF48062002102F004BEAF
:1080500010BD00BF582C002055C40000942C0020F7
:1080600057C4000024C40000D02C00200A4B034455
:1080700093F880309A0605D530388842A8BF4FF073
:10808000FF3070471A0701D55738F6E7DB064CBFBB
:1080900037384FF0FF30F0E75FC400002DE9F74FAD
:1080A000DDF830A0664F0091904605461E464FF021
:1080B000FF326968013900299346696002F10102C3
:1080C00057DB2968481C28600C78391991F8801012
:1080D000C807EED4611C00F0A480BAF1000F64DD83
:1080E00018F0200F15D02B2C03D02D2C11D148F4D3
:1080F00000786A68013A002A0BF1020B6A603FDBE4
:108100002A68511C29601478BAF101094FD05A46E7
:10811000CA46302C49D169680139002948F4807772
:108120000AF1FF3902F1010B69602EDB2968481C56
:1081300028600C78B9F1000F33D024F020015829C1
:108140002FD136F010030ED16B68013B002BAAF142
:10815000020902F1020B6B601EDB2B685A1C2A60BD
:108160001C784746102623464FF000085C46D94449
:1081700031E02846019200F065F8019A0446A4E730
:10818000284600F05FF80446BEE72846019200F05A
:1081900059F8019A0446CDE7284600F053F8044602
:1081A000DFE7002E08BF0826DDE79346D146002E04
:1081B000474608BF0A26D6E76B68013B002B47F409
:1081C000807708FB060804F101046B602DDB2B6847
:1081D0005A1C2A601B78A9EB0402002A07DD184606
:1081E00031460193FFF742FF0028019BE4DA18466D
:1081F000294602F074FDFB051FD5FE0711D4009B34
:108200001B68BD0607F0040203F1040103D5B8059D
:1082100048BFC8F10008009801601B6852B1A3F87C
:108220000080204603B0BDE8F08F284600F00AF831
:108230000346D0E7C3F80080F3E76FF00104F0E7EE
:108240005FC40000F8B5C3681A03044609D5426B41
:10825000426023F40023826B8260C36090F82500A3
:10826000F8BD9F0601D502F09FFBE36846F2C90204
:108270001A40012A0FD00022626044F240021342E9
:1082800076D023F4A04323F0400343F04003E3609F
:108290004FF0FF30E4E7474A13420CD14FF48070AF
:1082A000FFF7F8FD4FF48073E361E368206143F466
:1082B00000632060E3606268E368561C0DDA43F4F3
:1082C0008053C2F1FF22E36002F57F022368FE3291
:1082D00062605A1C22601878C2E7DD06676904D51F
:1082E000D8033ED5204602F01FFCE268E669256906
:1082F00042F48053D103E36023684CD5E16A8B429A
:108300002CBFC5EB0305C5EB0105761B33D1204619
:1083100002F00AFCE669E5692169AD1B0D44E368DA
:1083200023F01003E36032462946384602F0F0FCA1
:108330000028BEBFE36820F0004043F48043A6EB72
:108340000006B8BFE360AB19E362E3692363E36847
:1083500036BB23F4805343F04003C4E90056E36086
:1083600096E7A169384602F0C2FE0028BDDAE3684C
:1083700043F080038BE7104B1340002BCBD1A16956
:108380003846294402F0B3FE0028E368F0DB43F4EA
:108390000033E360BFE7A2695B1B1344A361BEE740
:1083A000013E6A1C43F4003366602260E360287873
:1083B00056E700BF000F01001000020070B50B4D22
:1083C0002B680BB90A4B2B6003302E6820F0030496
:1083D0003444204600F02EF810B92C60304670BDB1
:1083E000044B0C221A604FF0FF36F7E7102D0020E7
:1083F000282D00200C2D0020F8B5044638B90B4B71
:108400000B4E1F680546A74205DC2846F8BDBDE8AF
:10841000F84002F0F8BC304602F0F5FC002818BF26
:108420004FF0FF3501343C36EDE700BF24C40000B7
:10843000582C0020044B23B1984234BF0020012067
:1084400070471846704700BF283D00202DE9F047CF
:10845000C1F30A5C81EA03040E461F4640F2FF7E28
:1084600004F00044BCF1000F06D0F44504D0C3F37F
:108470000A550DB1754507D1760016F5001F4BD38F
:108480004ED000202E4939E0530DC1F3130141F4C1
:10849000801143EAC727D20247F000470023654412
:1084A000A1FB028CA2FB00E21E46E7FB002312EBBD
:1084B0000802E1FB07C643F1000313EB0C0346F18E
:1084C0000001B1F5801F42EA9E0219D2DB1843EA8F
:1084D000D273A5F5806549415200D00FC31841F110
:1084E0000001B2F1004F40F2FD7208BF23F001031A
:1084F000954208D80C4304EB05511846BDE8F087B7
:10850000A5F2FF35E9E7002D03DB44F0FF4444F416
:10851000E00400202146F1E77B0013F5001FF8D3AB
:10852000084B7F009F42ACD81E424FF00000A9D0FC
:108530001F42A7D044F0FF4141F4E001DEE700BF55
:108540000000F87F0000E0FF2DE9F041C1F30A5E72
:108550000D461F4640F2FF7883EA0106BEF1000F88
:1085600008D0C64506D0C3F30A5CBCF1000F01D0A9
:10857000C44505D1404A6800904254D9002078E0B3
:10858000410D41EAC52141F00043510DC00241EACD
:10859000C721D202904241F0004173EB0105AEEBDE
:1085A0000C0C28BF40084FEA520232BF0CF2FD37D4
:1085B00040EAC3700CF2FE3742EAC17228BF5B0882
:1085C00049084FF0350C0025904273EB010E4FEA3D
:1085D000450504D3801A63EB010345F0010500183B
:1085E0005B41BCF1210F08BF2C46BCF1010CEBD163
:1085F00090428B4102D3013508BF013440F2FD7235
:10860000974206F0004305D803EB07531919284693
:10861000BDE8F081002FA4BF43F0FF4343F4E00323
:1086200000201946F4E77C0014F5001FA6D847EA9D
:10863000050112EA4103A1D010EA020506F0004349
:1086400001D11946E3E7224005D143F0FF4141F44F
:10865000E0011046DCE714F5001F05D043F0FF41B0
:10866000002041F4E001D3E710F5001F4FF00000B7
:10867000D7D10249CCE700BF0000E0FF0000F87F3F
:10868000F0B5174693EA010204460E469E4607D50A
:1086900003F100453A462B46BDE8F04000F0C6B86D
:1086A0008B4203D8874209D38B4207D102F10042A3
:1086B00056408EEA020E22463C461746C6F30A5240
:1086C00040F2FF7C4FEA1E5062454FEA1655C0EB60
:1086D000165100F0A180914200F09980C6F3130278
:1086E000CEF313031F2942F4801243F4801351D8B0
:1086F0002030401B23FA01FC834027FA01F1194383
:10870000611AA2EB0C0238BF02F1FF3217FA00F334
:108710000C4603D05B424C1E01B9013A12F4C01F53
:1087200054D1E10FDB0F41EA420243EA440352EA2B
:10873000030126D0023D510B26D0510C01BF190F69
:1087400041EA02121B01043DD10C01BF990F41EA1D
:1087500082029B00023D110D02BFD90F41EA420285
:1087600005F1FF354FEAD67108BF5B00B1EBD52F9D
:108770004FF0000006BF02EB0551184606F000411D
:10878000F0BD00200021FBE7190E41EA02221B0286
:10879000083DD0E7352919D8203923FA01F0C1F175
:1087A0002006201A27FA01F103FA06F338BF02F176
:1087B000FF320B433906044606D043F0FF035B4209
:1087C000441E18B9013A01E0002BF8D1D10209D4B6
:1087D000013D6E050FD0E10F41EA4202D90F41EA97
:1087E00044045B00002B22F480124FEA055505DBA0
:1087F00051192046C4E729053046C1E7013408BFB6
:108800000132B3F1004F08BF24F00104F0E700206B
:108810000029B7D03146ECE733034FF0000001D117
:108820000029F7D10049ABE70000F87F2DE9F043BC
:108830001D4695EA010F0E460346AE46174605D57E
:1088400005F10043BDE8F043FFF71ABF8D4282BF38
:108850002E468E46134640F2FF7CC6F30A5288BF6E
:1088600007464FEA1E5062454FEA1651C0EB1654B8
:108870005CD0944255D0C6F3130CCEF313021F2CD8
:108880004CF4801542F4801227D82030401A22FA86
:1088900004FC27FA04F4824022439B18654428BF55
:1088A000013507FA00F2A8022BD5013308BF0135C4
:1088B0000AB923F00203360D360506EB55067200A1
:1088C00012F5001F37BFED074B1C314645EA530038
:1088D00024BF00201905BDE8F083352CE3D8203CE7
:1088E00022FA04F01B18C4F1200002FA00F227FA61
:1088F00004F428BF01352243380618BF42F0FF02B6
:10890000D1E7002A01F1FF3407DA013308BF01354E
:10891000B2F1004F08BF23F0010305EB04511846E4
:10892000D9E73CB906F000412046D4E732034FF0C6
:10893000000001D13146F2E70049CCE70000F87FA2
:1089400021F0004330B503F1474505F57005B5F159
:108950007E6F01F0004210D2410F03F14843C40082
:1089600041EAC303C0F300700344B4F1004F08BFF1
:1089700023F0010343EA020030BD002D01DA104666
:10898000FAE74C0014F5001F8CBF024842F0FF408C
:10899000F2E700BF0000C07FC31013F07F610AD070
:1089A000B1F17F6F4FEA407243F0E04308D003F12A
:1089B00048411046704703F00043002019467047B5
:1089C00052EA0332014A18BF1346F6E70000F87F67
:1089D00080B586B000AFF860B9603B601346FB71AC
:1089E00000237B6100237B611CE0BB681B680133B3
:1089F0007F2B08D9BB681B681946F868F9F736F869
:108A0000BB6800221A60BB681B681A46FB681344E7
:108A1000FA791A70BB681B685A1CBB681A607B69BC
:108A200001337B617A693B689A42DEDB00BF00BF9D
:108A30001837BD4680BD0FB480B582B000AF0023AB
:108A40007B6007F114033B6039683869F9F7C4F8B3
:108A500078607B6818460837BD46BDE8804004B0A2
:108A6000704780B485B000AF786039600023FB6048
:108A70000023FB7220E07B681B685A1C7B681A602D
:108A80007B681B681B78BB72BB7A2F2B0DD9BB7A16
:108A9000392B0AD8FA6813469B0013445B001A4628
:108AA000BB7A1344303BFB6006E07B681B685A1EB0
:108AB0007B681A600123FB72FB7A002BDBD0FB681A
:108AC00018461437BD465DF8047B704780B489B002
:108AD00000AFF860B9607A60FB681B68FB61062331
:108AE000BB610023FB75FB690133FB61FB691B78EC
:108AF0002E2B24D10023BB610023FB751BE0FB69F7
:108B00000133FB61FB691B78BB75BB7D2F2B0DD936
:108B1000BB7D392B0AD8BA6913469B0013445B000E
:108B20001A46BB7D1344303BBB6104E0FB69013B4B
:108B3000FB610123FB75FB7D002BE0D002E0FB69AC
:108B4000013BFB61FB68FA691A60BB691846243770
:108B5000BD465DF8047B704780B485B000AF034626
:108B6000FB710023FB60FB796F2B08D0FB79622B34
:108B700005D0FB79702B02D0FB79752B01D1012335
:108B8000FB60FB6818461437BD465DF8047B7047F0
:108B900080B485B000AF0346FB710023FB60FB7916
:108BA000642B02D0FB79692B01D10123FB60FB68A8
:108BB00018461437BD465DF8047B704790B585B004
:108BC00000AFF860B9607A60FB70BA687B68D31A4E
:108BD0007C6A2022F96AB86AA04708E03B6A5A1EFC
:108BE0003A621A787C6A0123F96AB86AA0473B6A3C
:108BF0001B78002BF2D100BF00BF1437BD4690BDDB
:108C000090B585B000AFF860B9607A60FB70BA6863
:108C10007B68D31A7C6A2022F96AB86AA04708E008
:108C20003B6A5A1E3A621A787C6A0123F96AB86A6A
:108C3000A0473B6A1B78002BF2D100BF00BF14375E
:108C4000BD4690BD80B485B000AF0346FB710023E4
:108C5000FB60FB79662B02D0FB79462B01D1012307
:108C6000FB60FB6818461437BD465DF8047B70470F
:108C700080B485B000AF0346FB710023FB60FB7935
:108C8000782B02D0FB79582B01D10123FB60FB68C4
:108C900018461437BD465DF8047B704780B485B034
:108CA00000AF78607B681B68FB60FB680133FB608A
:108CB000FB681B78FB72FB7A682BF6D0FB7A6C2B77
:108CC000F3D0FB68013BFB607B68FA681A6000BF69
:108CD0001437BD465DF8047B704780B485B000AFA3
:108CE0000346FB71FB796F2B02D10823FB730DE068
:108CF000FB79622B02D10223FB7307E0FB79702B17
:108D000002D11023FB7301E00A23FB73FB7B18469F
:108D10001437BD465DF8047B704780B48FB000AF58
:108D2000F860B9607A603B600023FB62FB68BB625D
:108D3000BB6A5A1CBA6200221A7000237B600023AF
:108D40007B6200233B620023FB6100237B630023E3
:108D5000BB6100233B6300237B61BB681B687B63B3
:108D60007B6B002B30D1BB6A30221A70FB6A013357
:108D7000FB62FB6A2CE07A6B3B68B2FBF3F3BB61EE
:108D8000BB693A6802FB03F37A6BD31A3B633B6B14
:108D9000092B03D83B6B30333B630AE097F8403034
:108DA000002B01D0412200E061223B6B13440A3BBF
:108DB0003B63BB697B63BB6A5A1CBA623A6BD2B233
:108DC0001A70FB6A0133FB627B6B002BD3D1FB6A09
:108DD00018463C37BD465DF8047B704790B5A1B09E
:108DE00004AFF860B9607A603B6000237B660023C3
:108DF0003B6600233B620023FB650023BB61FB68ED
:108E0000BB64BB6C1B78002B00F03881BB6C1B78FB
:108E100087F85B3097F85B30252B0BD097F85B20F9
:108E200007F120013C6801237868A047BB6C01333F
:108E3000BB6422E1012387F86B3007F1080207F1D8
:108E4000480311461846FFF70CFE786507F1080144
:108E500007F1480300221846FFF738FE386507F18E
:108E600048031846FFF71AFFBB6C0133BB64BB6CA9
:108E70001B7887F85B3097F85B301846FFF788FE61
:108E80000346012B25D1BB681A1DBA601B68FB6124
:108E900007F11C0107F1240097F86B3000930A23B7
:108EA0000122FFF73AFF386607F124023B6E1344B4
:108EB0007B663A6E07F1200303937B6802933B685D
:108EC00001937B6E00930023796D0020FFF776FEFF
:108ED000D0E097F85B301846FFF7B4FE0346012B4D
:108EE00006D1BB68073323F007030833BB60C1E03A
:108EF00097F85B301846FFF7BBFE0346012B2ED1D7
:108F000097F85B30782B02D1002387F86B30BB6871
:108F10001A1DBA601B68BB6107F1180107F1240034
:108F200097F86B30009310230022FFF7F6FE3866A7
:108F300007F124023B6E13447B663A6E97F86B1080
:108F400007F1200303937B6802933B6801937B6ED8
:108F500000930B46796D0020FFF752FE8AE097F8E8
:108F60005B301846FFF7F8FD0346012B3ED197F81A
:108F70005B30702B0DD1BB681A1DBA601B687B611A
:108F800007F1140107F118030422184601F008FD47
:108F900004E0BB681A1DBA601B68BB6197F85B30C0
:108FA0001846FFF79AFE0346FB6507F1180107F123
:108FB000240097F86B300093FB6D0022FFF7ADFEA5
:108FC000386607F124023B6E13447B663A6E07F164
:108FD000200303937B6802933B6801937B6E0093AD
:108FE0000023796D0020FFF7E9FD43E097F85B303F
:108FF000632B0DD1BB681A1DBA601B68FB64FB6C48
:10900000DAB207F120013C6801237868A04731E01B
:1090100097F85B30732B25D1BB681A1DBA601B68AB
:10902000FB66FB6E002B25D0F86E01F034FE034684
:109030003B667A6D3B6ED31A07F120013C68202213
:109040007868A04709E0FB6E5A1CFA661A7807F1A7
:1090500020013C6801237868A047FB6E1B78002B39
:10906000F1D107E097F85B2007F120013C6801236C
:109070007868A047BB6C0133BB64C2E600BF3B6AA3
:1090800018467437BD4690BD08B5FDF78FFA08BD88
:1090900008B5FDF799FA08BD08B5FDF7A3FA08BDB4
:1090A00008B5FDF7ADFA08BD08B5FDF7B7FA08BD7C
:1090B00008B5FDF7C1FA08BD08B5FDF7CBFA08BD44
:1090C00008B5FDF7D5FA08BD08B5FDF7DFFA08BD0C
:1090D00008B5FDF7E9FA08BD08B5FDF7F3FA08BDD4
:1090E00008B5FDF7FDFA08BD08B5FDF707FB08BD9B
:1090F00008B5FDF711FB08BD08B5FDF71BFB08BD62
:1091000008B5FDF725FB08BD08B5F7F7AAF808BDB7
:1091100008B5F7F7A6F808BD08B5F7F7A2F808BD37
:1091200008B5F7F79EF808BD08B5F7F79AF808BD37
:1091300008B5F7F796F808BD08B5F7F792F808BD37
:1091400008B5F7F78EF808BD08B5FDF74DFD08BD69
:1091500008B5FDF757FD08BD08B5F7F782F808BD5B
:1091600008B5F7F77EF808BD08B5F7F77AF808BD37
:1091700008B5F7F776F808BD08B5F7F772F808BD37
:1091800008B501F052F908BD08B5F7F76AF808BD4F
:1091900008B501F053F908BD08B5F7F762F808BD46
:1091A00008B501F054F908BD08B5F7F75AF808BD3D
:1091B00008B501F055F908BD08B5F7F752F808BD34
:1091C00008B5F7F74EF808BD08B5F7F74AF808BD37
:1091D00008B5F7F746F808BD08B5F7F742F808BD37
:1091E00008B5F7F73EF808BD08B5F7F73AF808BD37
:1091F00008B5F7F736F808BD08B5F7F732F808BD37
:1092000008B5F7F72EF808BD08B5F7F72AF808BD36
:1092100008B5F7F726F808BD08B5F7F722F808BD36
:1092200008B5F7F71EF808BD08B5F7F71AF808BD36
:1092300008B5F7F716F808BD08B5F7F712F808BD36
:1092400008B5F7F70EF808BD08B5F7F70AF808BD36
:1092500008B5F7F706F808BD08B5F7F702F808BD36
:1092600008B5F6F7FEFF08BD08B5F6F7FAFF08BD2A
:1092700008B5F6F7F6FF08BD08B5F6F7F2FF08BD2A
:1092800008B5F6F7EEFF08BD08B5F6F7EAFF08BD2A
:1092900008B501F0EEF808BD08B5F6F7E2FF08BD25
:1092A00008B501F0EFF808BD08B5F6F7DAFF08BD1C
:1092B00008B5F6F7D6FF08BD08B5F6F7D2FF08BD2A
:1092C00008B5F6F7CEFF08BD08B5F6F7CAFF08BD2A
:1092D00008B5FDF7A5FC08BD08B5F6F7C2FF08BD47
:1092E00008B5F6F7BEFF08BD08B5F6F7BAFF08BD2A
:1092F00008B5F6F7B6FF08BD08B5F6F7B2FF08BD2A
:1093000008B5F6F7AEFF08BD08B5F6F7AAFF08BD29
:1093100008B5F6F7A6FF08BD08B5F6F7A2FF08BD29
:1093200008B5F6F79EFF08BD08B5F6F79AFF08BD29
:1093300080B584B000AF0346FB710023FB6097F952
:10934000073013F1800F02D10123FB6004E097F98D
:1093500007301846F8F776FCFB6818461037BD460C
:1093600080BD80B483B000AF786039607B683A68B4
:109370005A6000BF0C37BD465DF8047B704780B46F
:1093800083B000AF786039607B683A689A6000BF4C
:109390000C37BD465DF8047B704780B483B000AFE6
:1093A00078607B685B689BB218460C37BD465DF8F9
:1093B000047B704704207146084202D0EFF3098015
:1093C00001E0EFF3088081690A884BF6AB639A42AB
:1093D00000D0FEE70231816120210160704700BFAB
:1093E00080B483B000AF78607B6803F108027B68CB
:1093F0005A607B684FF0FF329A607B6803F1080285
:109400007B68DA607B6803F108027B681A617B681D
:1094100000221A6000BF0C37BD465DF8047B704720
:1094200080B483B000AF78607B6800221A6100BF0F
:109430000C37BD465DF8047B704780B485B000AF43
:10944000786039607B685B68FB603B68FA685A60EB
:10945000FB689A683B689A60FB689B683A685A6048
:10946000FB683A689A603B687A681A617B681B6897
:109470005A1C7B681A6000BF1437BD465DF8047B38
:10948000704780B485B000AF786039603B681B6876
:10949000BB60BB68B3F1FF3F03D17B681B69FB6016
:1094A0000CE07B680833FB6002E0FB685B68FB60F4
:1094B000FB685B681B68BA689A42F6D2FB685A6818
:1094C0003B685A603B685B683A689A603B68FA6838
:1094D0009A60FB683A685A603B687A681A617B68F0
:1094E0001B685A1C7B681A6000BF1437BD465DF8C4
:1094F000047B704780B485B000AF78607B681B69DF
:10950000FB607B685B687A6892689A607B689B689E
:109510007A6852685A60FB685B687A689A4203D13D
:109520007B689A68FB685A607B6800221A61FB6856
:109530001B685A1EFB681A60FB681B6818461437C4
:10954000BD465DF8047B704780B58CB002AFF86013
:10955000B9601346FB71FB68002B0AD14FF0200362
:1095600083F31188BFF36F8FBFF34F8FBB6100BFD1
:10957000FEE7FB68BA6802FB03F37B62BB68002B63
:1095800006D07A6ABB68B2FBF3F3FA689A4201D15B
:10959000012300E00023002B0AD14FF0200383F3C6
:1095A0001188BFF36F8FBFF34F8F7B6100BFFEE762
:1095B0007B6A13F1510F0AD94FF0200383F311880E
:1095C000BFF36F8FBFF34F8F3B6100BFFEE77B6A36
:1095D00050331846F9F70AF938623B6A002B0DD070
:1095E0003B6AFB61FB695033FB61FA793B6A00938C
:1095F0001346FA69B968F86800F005F83B6A18463E
:109600002837BD4680BD80B584B000AFF860B96032
:109610007A60FB70BB68002B03D1BB69BA691A6022
:1096200002E0BB697A681A60BB69FA68DA63BB69F1
:10963000BA681A640121B869F9F7DAFCBB69FA78EB
:1096400083F84C2000BF1037BD4680BD80B582B086
:1096500000AF78607B68002B0ED07B6800229A6098
:109660007B6800221A607B680022DA6000230022F7
:1096700000217868F9F724FD00BF0837BD4680BD9A
:1096800080B586B000AF0346FB7101237B610023E8
:109690003B61FB791A4639697869FFF755FFF86035
:1096A000F868FFF7D3FFFB6818461837BD4680BD42
:1096B00080B590B000AFF860B9607A603B60FB683D
:1096C000BB63BB6B002B0AD14FF0200383F31188DF
:1096D000BFF36F8FBFF34F8FBB6200BFFEE7BB6866
:1096E000002B03D1BB6B1B6C002B01D1012300E0CD
:1096F0000023002B0AD14FF0200383F31188BFF31E
:109700006F8FBFF34F8F7B6200BFFEE73B68022B7A
:1097100003D1BB6BDB6B012B01D1012300E00023E4
:10972000002B0AD14FF0200383F31188BFF36F8F12
:10973000BFF34F8F3B6200BFFEE7F9F719FCEFF371
:1097400011824FF0200383F31188BFF36F8FBFF3B3
:109750004F8FFA61BB61FB697B63BB6B9A6BBB6B21
:10976000DB6B9A4202D33B68022B3ED1BB6B93F872
:10977000453087F83330BB6B9B6BFB623A68B96846
:10978000B86B00F07AF897F93330B3F1FF3F12D19C
:10979000BB6B5B6A002B25D0BB6B24331846FAF7F2
:1097A00075FA0346002B1DD07B68002B1AD07B680E
:1097B00001221A6016E097F933307F2B0AD14FF05F
:1097C000200383F31188BFF36F8FBFF34F8F7B614B
:1097D00000BFFEE797F833300133DBB25AB2BB6B00
:1097E00083F845200123FB6301E00023FB637B6BCF
:1097F0003B613B6983F3118800BFFB6B1846403720
:10980000BD4680BD80B586B000AF78607B687B6167
:109810007B69002B0AD14FF0200383F31188BFF33B
:109820006F8FBFF34F8FFB6000BFFEE7F9F7F4FACD
:109830007B69DA6B7B699B6BD31A3B61F9F71CFB85
:109840003B6918461837BD4680BD80B485B000AF6F
:1098500078607B685B6A002B06D07B681B6B1B689B
:10986000C3F10503FB6001E00023FB60FB681846C1
:109870001437BD465DF8047B704780B586B000AFF5
:10988000F860B9607A6000237B61FB689B6B3B6189
:10989000FB681B6C002B0DD1FB681B68002B4DD1A6
:1098A000FB689B681846FAF711FC7861FB68002298
:1098B0009A6043E07B68002B19D1FB685868FB680D
:1098C0001B6C1A46B96801F06BF8FB685A68FB68B4
:1098D0001B6C1A44FB685A60FB685A68FB689B68FB
:1098E0009A422BD3FB681A68FB685A6026E0FB6833
:1098F000D868FB681B6C1A46B96801F051F8FB6820
:10990000DA68FB681B6C5B421A44FB68DA60FB6830
:10991000DA68FB681B689A4207D2FB689A68FB68A2
:109920001B6C5B421A44FB68DA607B68022B05D132
:109930003B69002B02D03B69013B3B613B695A1CF0
:10994000FB689A637B6918461837BD4680BD80B5B1
:1099500082B000AF786039607B681B6C002B18D038
:109960007B68DA687B681B6C1A447B68DA607B680A
:10997000DA687B689B689A4203D37B681A687B68C5
:10998000DA607B68D9687B681B6C1A46386801F01E
:1099900007F800BF0837BD4680BD80B584B000AF72
:1099A0007860F9F739FA7B6893F84530FB7311E07A
:1099B0007B685B6A002B12D07B6824331846FAF769
:1099C00065F90346002B01D0FAF73EFAFB7B013B19
:1099D000DBB2FB7397F90F30002BE9DC00E000BF2E
:1099E0007B68FF2283F84520F9F746FAF9F714FA65
:1099F0007B6893F84430BB7311E07B681B69002BD4
:109A000012D07B6810331846FAF740F90346002B52
:109A100001D0FAF719FABB7B013BDBB2BB7397F9B4
:109A20000E30002BE9DC00E000BF7B68FF2283F8EA
:109A30004420F9F721FA00BF1037BD4680BD80B53C
:109A400084B000AF7860F9F7E7F97B689B6B002B77
:109A500002D10123FB6001E00023FB60F9F70CFA5F
:109A6000FB6818461037BD4680BD80B584B000AF96
:109A70007860F9F7D1F97B689A6B7B68DB6B9A4267
:109A800002D10123FB6001E00023FB60F9F7F4F948
:109A9000FB6818461037BD4680BD80B586B000AF64
:109AA000F860B9607A60FB687B61F9F7B5F97B69AA
:109AB00093F844305BB2B3F1FF3F03D17B690022DE
:109AC00083F844207B6993F845305BB2B3F1FF3FE4
:109AD00003D17B69002283F84520F9F7CDF97B6932
:109AE0009B6B002B06D17B6924337A68B9681846D2
:109AF000FAF7A0F87869FFF750FF00BF1837BD46A6
:109B000080BD80B58CB004AFF860B9603B6013468F
:109B1000FB80FB889B001846F8F768FE78617B693C
:109B2000002B0ED07420F8F761FEF861FB69002B62
:109B300003D0FB697A691A6305E07869F8F736FFA4
:109B400001E00023FB61FB69002B13D0FA8800239E
:109B50000393FB690293FB6A0193BB6A00933B6822
:109B6000B968F86800F00EF8F869F9F7BFFD01234D
:109B7000BB6102E04FF0FF33BB61BB691846203781
:109B8000BD4680BD80B588B000AFF860B9607A602E
:109B90003B603B6B186B7B689B001A46A52100F06D
:109BA00001FF3B6B1A6B7B6803F18043013B9B0019
:109BB0001344BB61BB6923F00703BB61BB6903F0BE
:109BC0000703002B0AD04FF0200383F31188BFF363
:109BD0006F8FBFF34F8F7B6100BFFEE7BB68002B29
:109BE0001FD00023FB6112E0BA68FB6913441978A7
:109BF0003A6BFB69134434330A461A70BA68FB693E
:109C000013441B78002B06D0FB690133FB61FB6911
:109C1000132BE9D900E000BF3B6B002283F84720FB
:109C200003E03B6B002283F83420BB6A042B01D98C
:109C30000423BB623B6BBA6ADA623B6BBA6A1A6591
:109C40003B6B00225A653B6B04331846FFF7E8FB79
:109C50003B6B18331846FFF7E3FB3B6B3A6B1A611B
:109C6000BB6AC3F105023B6B9A613B6B3A6B5A626C
:109C70003B6B583314220021184600F093FE3B6BD7
:109C80006C3304220021184600F08CFE3B6B7033CD
:109C900001220021184600F085FE3A68F968B8698B
:109CA000F8F7A2FF02463B6B1A60FB6A002B02D05A
:109CB000FB6A3A6B1A6000BF2037BD4680BD80B595
:109CC00082B000AF78607B681B6B1846F8F76EFEB9
:109CD0007868F8F76BFE00BF0837BD4680BD80B5D9
:109CE00088B002AFF860B9607A603B602C20F8F76A
:109CF0007DFD78617B69002B0DD07B69002283F8A4
:109D000028207B6901933B6A00933B687A68B968B5
:109D1000F86800F005F87B6918461837BD4680BD25
:109D200080B586B000AFF860B9607A603B60BB6810
:109D3000002B0AD14FF0200383F31188BFF36F8FFC
:109D4000BFF34F8F7B6100BFFEE77B6A002B1ED005
:109D5000FAF724FE7B6AFA681A607B6ABA689A612D
:109D60007B6A3A68DA617B6A3A6A1A627B6A043310
:109D70001846FFF755FB7B68002B08D07B6A93F8E9
:109D8000283043F00403DAB27B6A83F8282000BF4E
:109D90001837BD4680BD80B584B000AF786007F14C
:109DA00008031846FAF72EFCF860BB681946F868F5
:109DB000FAF7DAFBFAF7ACFCF1E780B586B000AF52
:109DC00078607B687B617B68002B0AD14FF02003B1
:109DD00083F31188BFF36F8FBFF34F8FFB6000BF1A
:109DE000FEE7F9F719F87B69DB693B61F9F744F89D
:109DF0003B6918461837BD4680BD80B485B000AFBA
:109E000078607B681B0C03F1804303F58E23FB60B5
:109E1000FB6819687B689BB201229A40FB680A4381
:109E20001A6000BF1437BD465DF8047B704780B5EB
:109E300086B000AF78600023FB7500233B617B6830
:109E40001B6A03F04003002B07D00123FB757B68DE
:109E50001B6A23F040027B681A627B685B6A43F0EE
:109E6000C0027B685A620AE0786800F0B3F80346E3
:109E700003F04003002B02D001233B6108E00021E6
:109E80007868FAF7A7FE034603F08003002BEBD0B7
:109E90007B681B69FB7D002B05D07B681B6A43F048
:109EA00040027B681A62786800F094F8034603F079
:109EB0004003002B01D001233B613B69002B01D003
:109EC0003B6948E07B68DB6CFB607B689B6CFA68F5
:109ED0001344FB607B685B6CFA681344FB607B682F
:109EE0001B6CFA681344FB607B68DB6BFA681344F5
:109EF000FB607B689B6BFA681344FB60FB685B0844
:109F000043F40043FB607B68FA68DA627B68DB6ECF
:109F1000FB607B689B6EFA681344FB607B685B6E3A
:109F2000FA681344FB607B681B6EFA681344FB609D
:109F30007B68DB6DFA681344FB607B689B6DFA6895
:109F40001344FB60FB685B0843F40043FB607B68E1
:109F5000FA681A63002318461837BD4680BD80B4DE
:109F600083B000AF78600B46FB70FB78002B06D106
:109F70007B68DB6823F010027B68DA6005E07B68B1
:109F8000DB6843F010027B68DA6000BF0C37BD4627
:109F90005DF8047B704780B485B000AF78600B46F5
:109FA000FB707B685B6A23F00703FB60FB78042B84
:109FB00007D0FB7803F00302FB68134343F004036C
:109FC000FB607B68FA685A6200BF1437BD465DF8D3
:109FD000047B704780B485B000AF78600023FB60DD
:109FE0007B681B6A03F08003002B03D0FB6843F0FF
:109FF0008003FB607B685B6A03F04003002B03D0A7
:10A00000FB6843F04003FB60FB6818461437BD460D
:10A010005DF8047B704780B485B000AF78607B68E2
:10A020001B0C03F1804303F58E23FB60FB6819686A
:10A030007B689BB201229A40FB680A431A6000BF0A
:10A040001437BD465DF8047B704780B485B000AF1F
:10A0500078607B681B0C03F1804303F58E23FB6063
:10A06000FB6819687B689BB2012202FA03F3DA43AA
:10A07000FB680A401A6000BF1437BD465DF8047BD8
:10A08000704780B485B000AF786039607B681B781A
:10A09000FB73FB7B03F05F03FB733B681A78FB7B6E
:10A0A0001343FB737B68FA7B1A7000BF1437BD46FD
:10A0B0005DF8047B704780B485B000AF78600B46D4
:10A0C000FB707B681B78FB73FB7B23F00F03FB7338
:10A0D000FA7BFB781343FB737B68FA7B1A7000BF33
:10A0E0001437BD465DF8047B704780B500AFFAF7C2
:10A0F000C5FD0346184680BD80B582B000AFFAF7B3
:10A1000079FE3860FBF786F80346DB083A689A4226
:10A1100005D83B68002B02D03B687B6001E0002340
:10A120007B607B6818460837BD4680BD80B485B02B
:10A1300000AF78607B681B0C03F1804303F58E232E
:10A14000FB60FB6819687B689BB201229A40FB6840
:10A150000A431A6000BF1437BD465DF8047B7047A0
:10A1600080B485B000AF78607B681B0C03F180433E
:10A1700003F58E23FB60FB6819687B689BB20122A4
:10A180009A40FB680A431A6000BF1437BD465DF869
:10A19000047B704780B584B000AF0346FB71002399
:10A1A000FB6097F9073013F1800F02D10123FB60A8
:10A1B00004E097F907301846FBF7F0FAFB681846F9
:10A1C0001037BD4680BD80B483B000AFEFF310837D
:10A1D0003B603B687B6072B600BF7B6818460C37FB
:10A1E000BD465DF8047B704780B485B000AF7860F1
:10A1F0007B68FB60FB6883F3108800BF00BF1437E7
:10A20000BD465DF8047B704780B483B000AF7860D2
:10A210007B681A7C7B689B6802F00F02D2B29A7648
:10A220007B689A687B681B7C5B01134403F5805351
:10A230001C3300221A807B689A687B681B7C5B0158
:10A24000134403F58053183300221A607B689A6820
:10A250007B681B7C5B01134403F58053163300229B
:10A260001A807B689A687B681B7C5B01134403F54A
:10A2700080531E3300221A807B68DB68002B08D0D5
:10A280007B6801225A747B6800229A747B680022E2
:10A29000DA7400BF0C37BD465DF8047B704780B4AC
:10A2A00085B000AF78607B681B0C03F1804303F539
:10A2B0008E23FB60FB6819687B689BB201229A4081
:10A2C000FB680A431A6000BF1437BD465DF8047B83
:10A2D000704780B487B000AFF8607B600B46FB72BC
:10A2E0001346BB72FB685A6EFB7A5B08DBB2DB007D
:10A2F000012101FA03F3DB431A40FB685A66FB684D
:10A300005A6EFB7A5B08DBB2DB000233012101FAF3
:10A3100003F3DB431A40FB685A66FB68D3F88030CE
:10A3200023F00102FB68C3F88020FB7AFA6801334E
:10A33000DB0013445B687B617B6923F03C037B613A
:10A34000BB7A7A6913437B61FB7AFA680133DB00DD
:10A3500013447A695A60FB7AFA680133DB001344CC
:10A360007A689A6000BF1C37BD465DF8047B704771
:10A3700080B485B000AFF860B9601346FB71FB791B
:10A38000002B05D10122BB689A40FB689A6004E06B
:10A390000122BB689A40FB685A6000BF1437BD4673
:10A3A0005DF8047B704780B485B000AF78607B684F
:10A3B0001B0C03F1804303F58E23FB60FB681968D7
:10A3C0007B689BB201229A40FB680A431A6000BF77
:10A3D0001437BD465DF8047B704780B485B000AF8C
:10A3E000F860B9607A600CE000BFFB681B79DBB2F3
:10A3F0005BB2002BF9DABB685A1CBA601A78FB68AA
:10A40000DA717B685A1E7A60002BEDD100BFFB68C1
:10A410001B79DBB203F04003002BF8D00023184671
:10A420001437BD465DF8047B704780B500AFFCF77C
:10A430005DFEBFF34F8F00BF00BF80BD80B500AF92
:10A44000FCF768FEBFF34F8F00BF00BF80BD80B533
:10A4500000AFFCF773FEBFF34F8F00BF00BF80BD9E
:10A4600080B500AFFCF77EFEBFF34F8F00BF00BF8B
:10A4700080BD80B500AFFCF789FEBFF34F8F00BFF2
:10A4800000BF80BD80B500AFFCF794FEBFF34F8FD7
:10A4900000BF00BF80BD80B584B000AF0346FB7134
:10A4A0000023FB6097F9073013F1800F02D10123DD
:10A4B000FB6004E097F907301846FCF78FFEFB6855
:10A4C00018461037BD4680BD80B483B000AF7860B9
:10A4D0007B68073318460C37BD465DF8047B704730
:10A4E00080B483B000AF78600B46FB70FB78002B24
:10A4F00010D07B68DB7ADBB263F07F03DAB27B6873
:10A50000DA727B68DB78DBB263F07F03DAB27B68F8
:10A51000DA700FE07B68DB7ADBB203F07F03DAB23C
:10A520007B68DA727B68DB78DBB203F07F03DAB238
:10A530007B68DA7000BF0C37BD465DF8047B70475E
:10A5400080B483B000AF78600B46FB70FB78002BC3
:10A5500010D07B68DB7ADBB243F02003DAB27B6891
:10A56000DA727B68DB78DBB243F02003DAB27B6817
:10A57000DA700FE07B68DB7ADBB223F02003DAB21B
:10A580007B68DA727B68DB78DBB223F02003DAB217
:10A590007B68DA7000BF0C37BD465DF8047B7047FE
:10A5A00080B400AF00BFBD465DF8047B704780B447
:10A5B00083B000AF78607B68002B01D1002301E0FD
:10A5C00042F6AF7318460C37BD465DF8047B704702
:10A5D00080B483B000AFEFF310833B603B687B60D7
:10A5E00072B600BF7B6818460C37BD465DF8047B29
:10A5F000704780B485B000AF78607B68FB60FB6813
:10A6000083F3108800BF00BF1437BD465DF8047B9C
:10A61000704780B586B000AFF860B9607A603B6083
:10A6200043F22153FB82FB681B78012B08D1FB68A6
:10A630000C333A687968184600F0E0F80346FB826C
:10A64000FB8A18461837BD4680BD80B586B000AF7E
:10A65000F860B9607A60FB68002BFCD0BB68002B07
:10A66000FCD07B68002BFCD0FB687B617B691B689E
:10A670003B613B69002BFCD07B68BA68796938691B
:10A68000FFF7C7FF034618461837BD4680BD80B5A3
:10A6900084B000AF7860396043F22153FB813B689E
:10A6A000002BFCD07B68002BFCD000BF7B68BB601C
:10A6B00014220021B86800F075F93B681A7ABB686B
:10A6C0001A703B681B7A012B0BD1BB6803F10C029B
:10A6D0003B68DB681946104600F071F80346FB81C1
:10A6E00000E000BFFB8918461037BD4680BD80B52D
:10A6F00086B000AF786039607B68002BFCD03B6887
:10A70000002BFCD000BF7B687B613B683B61FFF79F
:10A710005FFFF8607B699B685A1C7B699A60F868E8
:10A72000FFF767FF04220021386800F03BF93B691E
:10A730007A691A60002318461837BD4680BD80B577
:10A7400086B000AF786039600023FB827B68002B05
:10A75000FCD03B68002BFCD000BF7B683B613B68B2
:10A76000FB60FFF735FFB8603B695B68002B03D0E7
:10A7700043F22253FB820AE03B69FA685A600422E2
:10A780000021386800F00EF9FB683A691A60B86871
:10A79000FFF72FFFFB8A18461837BD4680BD80B5EE
:10A7A00084B000AFF860B9607A607A68B968F86818
:10A7B000FFF74BFF034618461037BD4680BD80B5F6
:10A7C00084B000AF786039600023FB813B68002BC8
:10A7D000FCD07B68002BFCD000BF7B68BB60BB68F3
:10A7E00039681846FCF748FF0346FB81FB89002BBC
:10A7F000FCD1FB8918461037BD4680BD80B586B0B8
:10A8000000AFF860B9607A60FB68002BFCD0BB68D1
:10A81000002BFCD07B68002BFCD0FB687B617B6944
:10A820007A68B9681846FCF7BBFF03461846183724
:10A83000BD4680BD80B582B000AFFAF799FB786065
:10A840007B6801224FF4E1310020F7F739F900BFAE
:10A850000837BD4680BD80B500AFFDF79BF800BF4F
:10A8600080BD80B483B000AF78600B46FB70FB788E
:10A87000002B06D07B681B6A43F040027B681A629B
:10A8800005E07B681B6A23F040027B681A6200BF08
:10A890000C37BD465DF8047B704780B483B000AFD1
:10A8A000786039607B680022DA647B683A689A6075
:10A8B00000BF0C37BD465DF8047B704780B485B09F
:10A8C00000AF78600B46FB707B681B68FB60FB6821
:10A8D00023F01803FB60FB78DB0003F01803FA6831
:10A8E0001343FB607B68FA681A6000BF1437BD46EB
:10A8F0005DF8047B704780B500AFFDF78FF8FDF77A
:10A90000ADF800BF80BD80B500AFFFF7F4FF00BF1A
:10A9100080BD80B485B000AF78607B681B0C03F10C
:10A92000804303F58E23FB60FB6819687B689BB24C
:10A9300001229A40FB680A431A6000BF1437BD46E3
:10A940005DF8047B704780B485B000AFF860B960F3
:10A950001346FB71FB68BA6853F8223023F4E062B7
:10A96000FB791B0203F4E06342EA0301FB68BA6867
:10A9700043F8221000BF1437BD465DF8047B7047D2
:10A9800080B500AFFDF7B2F8FDF790F900BF80BDCC
:10A9900008B5FDF72FFBBDE80840F7F76DBAFEE7F5
:10A9A00000F061BB00F079BBC368826923F020032B
:10A9B00010B5C360836A9A4204460ED000F0B4F822
:10A9C000E36823F4405323F0100343F01003E360E3
:10A9D000A36AA3612369E3622360E36823F48043ED
:10A9E00023F04003E36010BDCB6823F4002270B570
:10A9F0000C46CA609906054602D52046FFF7D4FFEB
:10AA0000D4E902365A1C10DAB0050ED4C3F1FF2384
:10AA100003F57F03FE33A360236846F490365A1C87
:10AA2000E66022601D70E8B270BD41F28A023240D9
:10AA3000022A07D0002346F08006A360E6604FF0AC
:10AA4000FF30F1E74AF210033340B3F5004F0AD16B
:10AA500000212046FDF72EFAE368990602D520462C
:10AA6000FFF7A2FFE66846F4903316F4706FE360D8
:10AA70000ED1606900F030FB00B372051ED504F101
:10AA80002403236123600123E36146F49233E360EE
:10AA900013F4106F2268266926D0E36A9A422CBF0D
:10AAA000C6EB0201C6EB0301B9B9731CE362236074
:10AAB000E36923635A1EA2603570B4E74FF48070D7
:10AAC000FDF7E8F9E26820614FF48073E36146F432
:10AAD00094331A432060E260DAE722463046FDF7FD
:10AAE0003FF90028E1D0AAE7511CEDB221601570B2
:10AAF000E26A206890422CBFC6EB0001C6EB02015F
:10AB0000E26922635B0503D40A2D01D08A4209DC85
:10AB10000023E6622660A36022463046FDF720F956
:10AB200000288CD128467FE738B501680569C36ADB
:10AB30000446C06820F40022E26000F08202022A8B
:10AB400002D04FF0FF3038BD10F48030FBD0994276
:10AB500038BF19468D4208D1E368E562002023F42E
:10AB600080332560A060E360EDE72246491B28465C
:10AB7000FDF7F6F80028EFD0E3E7A8B14FF08053D7
:10AB800040F80C3C50F8042C72B11368B3F1805FAC
:10AB90000AD150F8083C516803330B4440F8083C94
:10ABA000936840F8043CEDE7704738B505460C461D
:10ABB00015F8010B70B1A368013B002BA36004DB07
:10ABC00023685A1C22601870F2E72146FFF70CFF39
:10ABD000431CEDD138BD40EA01039B0770B50DD190
:10ABE00004460B46032A1946204607D906680D6815
:10ABF000AE4204F1040403F1040304D00244904281
:10AC000003D1002008E0043AECE710F8013B11F80A
:10AC1000014BA342F3D0181B70BD0EB430B590B0F9
:10AC200013AB044653F8045B00933C22002101A8B7
:10AC3000FFF7B8FE09232046CDE90434019400F063
:10AC40002AF8009A0290294601A8F6F761F910B097
:10AC5000BDE8304003B0704770B5C468A50708D0A0
:10AC6000B2F5007F11D0B2F5806F04D0B2F5807FCD
:10AC70000BD0012008E000F12401012322430161EF
:10AC80000160C361C260002070BD5E1E6FF07F4531
:10AC9000AE42F3D3EDE710B5431C8207044614D14E
:10ACA000204654F8042BA2F1013121EA020111F0EF
:10ACB000803FF5D0D1B281B112F47F4F0BD012F4A6
:10ACC0007F0F14BF2046033003E010F8012B002A49
:10ACD000E3D1C01A10BD0230FBE70130F9E7431C95
:10ACE00015D0CB6813F402220FD123F4012323F0F3
:10ACF000400343F40123CB608B688B634B6881F87E
:10AD00002500C1E901224B6370474FF0FF307047C7
:10AD100038B50D46044608B9012A05D02946204613
:10AD2000BDE8384000F0DBB900F0DBF928702046C0
:10AD300038BD70B50D4606461046144600F02DF895
:10AD40002B78722B17D0772B18D0612B23D10823A7
:10AD500048F2020215F8011F2B2912D0622915D0E2
:10AD60001B07E260666104D5022200212046FDF740
:10AD7000A1F8204670BD00230122EBE70423022244
:10AD8000E8E742F0030243F00203E3E742F0040283
:10AD900043F00103DEE70024EBE7F0B5C468A10748
:10ADA00089B0054622D0220718D4D0E90467FDF700
:10ADB00023FB384600F08AF9230502D53046FFF719
:10ADC000DCFEA40DA40514F1A54F07D1296A2022A9
:10ADD000684600F08FF9684600F00BF83C2200212D
:10ADE0002846FFF7DFFD002009B0F0BD4FF0FF302F
:10ADF000FAE710B50446FFF74EFF01462046BDE8CE
:10AE0000104000F071B9C36870B513F00306044632
:10AE100011D09B0611D5856AFFF7C6FDE36823F4C0
:10AE20004053E3602046FFF77FFE00220646294696
:10AE30002046FDF73FF8304670BD816905680D4436
:10AE400001696D1AEAE7CB0243EA505040F21E4313
:10AE5000A3EB115340F00040FF2B20FA03F011D96F
:10AE600013F4E06F01D14042704711F0804009D0E7
:10AE70004B0013F5001F04D86FF0004000EBD170B9
:10AE800070470020704710B9002000217047030C64
:10AE90000CBF000401F18071030E0CBF000201F52C
:10AEA0000001030F0CBF000101F58001830F0CBFEF
:10AEB000800001F500110028ACBF400001F58011B1
:10AEC00001EBE023420510461946704700F00041AF
:10AED000002801F18041B8BF4042FFF7D4BF30B530
:10AEE0001D4640EA45048C4614434B0054EA4C018D
:10AEF00009D0AC4509D1904207D113F5001F8CBF92
:10AF00000020012030BD0120FCE70020FAE730B529
:10AF10000D461C4655EA040301460BD4630013F5A5
:10AF2000001F1DD8A54219D31AD190422CBF002072
:10AF3000012030BD680010F5001F11D8630013F523
:10AF4000001F0DD80B4313431843F2D0A54205D878
:10AF500006D1914294BF00200120EAE70120E8E7F2
:10AF60000020E6E730B50D461C4655EA04030146CD
:10AF70004FEA45000AD410F5001F1CD8A54218D886
:10AF800019D1914294BF0020012030BD10F5001F5F
:10AF900011D8630013F5001F0DD80B43134318435A
:10AFA000F3D0A54205D306D191422CBF0020012049
:10AFB000EBE70120E9E70020E7E730B50C4619464A
:10AFC00054EA01030BD44B0013F5001F1CD88C422C
:10AFD0001CD319D190428CBF0020012030BD6500E8
:10AFE00015F5001F10D84B0013F5001F0CD88C422C
:10AFF0000CD801D1904209D21843104350EA0503FE
:10B000000CBF01200020E9E70020E7E70120E5E789
:10B0100030B50C46194654EA01034FEA44050AD4F8
:10B0200015F5001F1BD88C421BD818D1904234BF95
:10B030000020012030BD15F5001F10D84B0013F57E
:10B04000001F0CD88C420CD301D1904209D918436F
:10B05000104350EA05030CBF01200020EAE700205E
:10B06000E8E70120E6E740EA0103DB0703460CD4EA
:10B070000346043A22BF51F804CB43F804CBB2F1A3
:10B080000402F7D2043208BF7047013A24BF11F816
:10B0900001CB03F801CBF8D87047034613F0030F38
:10B0A0000ED101F0FF0141EA012141EA0141043AD8
:10B0B00024BF43F8041BB2F10402F9D202F10402E6
:10B0C000013A24BF03F8011BFAE770474FF0FF3045
:10B0D00070474FF0FF3070474FF0FF307047104619
:10B0E00070474FF0FF3070474FF0FF3070474FF020
:10B0F000FF3070474FF0FF30704710467047FFFF3A
:10B1000049444C4500FFFFFF000000000000F03FF5
:10B11000DA90A4A2AFA4EE3F87A4FBDC1858ED3F61
:10B120009C5285DD9B19EC3FADD35A999FE8EA3FCD
:10B1300090F0A38291C4E93FDBA02A42E5ACE83F4E
:10B140008701EB7314A1E73FCD3B7F669EA0E63FEE
:10B15000295448DD07ABE53F272A36D5DABFE43F5F
:10B160002234124CA6DEE33F15B7310AFE06E33F58
:10B170003862756E7A38E23F7B517D3CB872E13FB0
:10B180000F89F96C58B5E03F000000000000E03F77
:10B1900000009C17239C8EBC000050896510713CF8
:10B1A000000070B0467C6C3C000004EE771574BC67
:10B1B000000046054C32863C0000F01109DA7A3C6A
:10B1C0000000C8B677B0893C0000DC4A2EA6883C57
:10B1D000443A5C4D435558776F726B737061636589
:10B1E0005C564543544F325F4D4B36344631325FE7
:10B1F00050726F6A6563745C647269766572732FEE
:10B2000066736C5F61646331362E683A343933207B
:10B210003A206368616E6E656C47726F7570203C92
:10B22000202875696E7433325F742946534C5F462B
:10B230004541545552455F41444331365F434F4E7B
:10B2400056455253494F4E5F434F4E54524F4C5FF9
:10B25000434F554E5400FFFF443A5C4D43555877D9
:10B260006F726B73706163655C564543544F325F18
:10B270004D4B36344631325F50726F6A6563745C91
:10B28000647269766572732F66736C5F646D616D4D
:10B2900075782E683A3737203A206368616E6E659C
:10B2A0006C203C202875696E7433325F74294653D4
:10B2B0004C5F464541545552455F444D414D5558AC
:10B2C0005F4D4F44554C455F4348414E4E454C0001
:10B2D000443A5C4D435558776F726B737061636588
:10B2E0005C564543544F325F4D4B36344631325FE6
:10B2F00050726F6A6563745C647269766572732FED
:10B3000066736C5F646D616D75782E683A313131AA
:10B31000203A206368616E6E656C203C2028756958
:10B320006E7433325F742946534C5F464541545521
:10B3300052455F444D414D55585F4D4F44554C4526
:10B340005F4348414E4E454C00FFFFFF5761766515
:10B3500051756575650000005468652071756575E7
:10B360006520636F756C64206E6F74206265206366
:10B370007265617465640000496E697469616C206E
:10B38000436F6E66696775726174696F6E20446F92
:10B390006E650A00756172745F7461736B00000002
:10B3A0005461736B206372656174696F6E206661AE
:10B3B000696C6564212E0D0A000000005752495443
:10B3C000455F5441534B5F31000000004144435FEF
:10B3D000444946465F5441534B0000004C45445499
:10B3E000696D657200FFFFFF20456D7074792071F3
:10B3F000756575650D0A00FF6B6600006B69660078
:10B400006B646600546D722053766300546D725104
:10B4100000FFFFFF00B0034000B00B401B003C10DA
:10B420001B00301066736C5F61646331362E633AC3
:10B430003533203A20696E7374616E6365203C2059
:10B4400041525241595F53495A4528735F616463C1
:10B45000313642617365732900FFFFFF66736C5FCD
:10B4600061646331362E633A3636203A204E554CAD
:10B470004C20213D20636F6E6669670066736C5FC8
:10B4800061646331362E633A343632203A20636881
:10B49000616E6E656C47726F7570203C204144434D
:10B4A0005F5343315F434F554E54000066736C5FEA
:10B4B00061646331362E633A343633203A204E5578
:10B4C0004C4C20213D20636F6E66696700FFFFFFD3
:10B4D00066736C5F61646331362E633A34393220AF
:10B4E0003A206368616E6E656C47726F7570203CC0
:10B4F000204144435F5343315F434F554E5400FF57
:10B5000066736C5F636C6F636B2E633A3231382005
:10B510003A20305520213D20675F7874616C3046B9
:10B520007265710066736C5F636C6F636B2E633A58
:10B53000323233203A20305520213D20675F787425
:10B54000616C33324672657100FFFFFF66736C5F9A
:10B55000636C6F636B2E633A333539203A20675F33
:10B560007874616C304672657100FFFF66736C5FC2
:10B57000636C6F636B2E633A333836203A20675F13
:10B580007874616C33324672657100FF66736C5F6C
:10B59000636C6F636B2E633A373631203A206D63EC
:10B5A00067706C6C30636C6B00FFFFFF66736C5FE1
:10B5B000636C6F636B2E633A31303137203A20630E
:10B5C0006F6E66696700FFFF66736C5F636C6F6325
:10B5D0006B2E633A31383937203A20636F6E6669D3
:10B5E0006700FFFF66736C5F636C6F636B2E633A7B
:10B5F00032313738203A20636F6E66696700FFFF8B
:10B600008002DC020005B80580079508000A710B6E
:10B6100066736C5F646D616D75782E633A353920A1
:10B620003A20696E7374616E6365203C204152520A
:10B6300041595F53495A4528735F646D616D757850
:10B6400042617365732900FF0001020304050607C8
:10B6500008090A0B0C0D0E0F66736C5F65646D6153
:10B660002E633A3736203A20696E7374616E6365D3
:10B67000203C2041525241595F53495A4528735F3B
:10B6800065646D6142617365732900FF66736C5F69
:10B6900065646D612E633A3930203A206368616ECB
:10B6A0006E656C203C202875696E7433325F742996
:10B6B00046534C5F464541545552455F45444D41C4
:10B6C0005F4D4F44554C455F4348414E4E454C00FD
:10B6D00066736C5F65646D612E633A3931203A2080
:10B6E00074636420213D204E554C4C0066736C5FA2
:10B6F00065646D612E633A3932203A2028287569D5
:10B700006E7433325F74297463642026203078317C
:10B71000465529203D3D20305500FFFF66736C5F84
:10B7200065646D612E633A313232203A20636F6E68
:10B7300066696720213D204E554C4C0066736C5F56
:10B7400065646D612E633A313734203A20636F6E41
:10B7500066696720213D204E554C4C0066736C5F36
:10B7600065646D612E633A323330203A206368613C
:10B770006E6E656C203C202875696E7433325F7480
:10B780002946534C5F464541545552455F45444D0B
:10B79000415F4D4F44554C455F4348414E4E454CEB
:10B7A0000000000066736C5F65646D612E633A3261
:10B7B0003331203A20636F6E66696720213D204E49
:10B7C000554C4C0066736C5F65646D612E633A3254
:10B7D0003332203A20282875696E7433325F742919
:10B7E0006E6578745463642026203078314655297C
:10B7F000203D3D20305500FF66736C5F65646D61D0
:10B800002E633A343437203A2074636420213D207B
:10B810004E554C4C0000000066736C5F65646D61B2
:10B820002E633A343438203A20282875696E7433F0
:10B83000325F74297463642026203078314655299C
:10B84000203D3D20305500FF66736C5F65646D617F
:10B850002E633A343934203A2074636420213D2029
:10B860004E554C4C0000000066736C5F65646D6162
:10B870002E633A343935203A20282875696E74339E
:10B88000325F74297463642026203078314655294C
:10B89000203D3D203055000066736C5F65646D612E
:10B8A0002E633A343936203A20636F6E666967201A
:10B8B000213D204E554C4C0066736C5F65646D6194
:10B8C0002E633A343937203A20282875696E74334C
:10B8D000325F74296E657874546364202620307852
:10B8E00031465529203D3D203055000066736C5F80
:10B8F00065646D612E633A343938203A2028636FCD
:10B900006E6669672D3E7372634164647220252000
:10B910002831554C203C3C202875696E7433325FC9
:10B920007429636F6E6669672D3E7372635472612A
:10B930006E7366657253697A652929203D3D203012
:10B940005500000066736C5F65646D612E633A3468
:10B950003939203A2028636F6E6669672D3E646529
:10B960007374416464722025202831554C203C3C7E
:10B97000202875696E7433325F7429636F6E66694F
:10B98000672D3E646573745472616E73666572539D
:10B99000697A652929203D3D2030550066736C5F2A
:10B9A00065646D612E633A383236203A20737461D3
:10B9B0007274496E7374616E63654E756D203C3DA3
:10B9C00020696E7374616E636500FFFF66736C5F60
:10B9D00065646D612E633A383434203A2068616EB4
:10B9E000646C6520213D204E554C4C0066736C5FA5
:10B9F00065646D612E633A383435203A206368619E
:10BA00006E6E656C203C202875696E7433325F74ED
:10BA10002946534C5F464541545552455F45444D78
:10BA2000415F4D4F44554C455F4348414E4E454C58
:10BA300000FFFFFF66736C5F65646D612E633A39CA
:10BA40003330203A2068616E646C6520213D204EC1
:10BA5000554C4C0066736C5F65646D612E633A39BA
:10BA60003733203A2066616C736500FF66736C5F44
:10BA700065646D612E633A31303038203A20636F4F
:10BA80006E66696720213D204E554C4C0000000039
:10BA900066736C5F65646D612E633A3130303920B6
:10BAA0003A207372634164647220213D204E554CEC
:10BAB0004C00000066736C5F65646D612E633A3103
:10BAC000303130203A2064657374416464722021FF
:10BAD0003D204E554C4C000066736C5F65646D6193
:10BAE0002E633A31303131203A202873726357691E
:10BAF00064746820213D2030552920262620287393
:10BB000072635769647468203C3D203332552920A4
:10BB100026262028287372635769647468202620BB
:10BB2000287372635769647468202D203155292960
:10BB3000203D3D203055290066736C5F65646D6162
:10BB40002E633A31303132203A20286465737457BD
:10BB50006964746820213D2030552920262620283C
:10BB6000646573745769647468203C3D20333255B2
:10BB70002920262620282864657374576964746810
:10BB800020262028646573745769647468202D200A
:10BB900031552929203D3D203055290066736C5FC1
:10BBA00065646D612E633A31303133203A20287458
:10BBB00072616E73666572427974657320252062C6
:10BBC000797465734561636852657175657374292D
:10BBD000203D3D203055000066736C5F65646D61EB
:10BBE0002E633A31303134203A2028282875696E86
:10BBF0007433325F74292875696E7433325F742030
:10BC00002A29737263416464722920252073726348
:10BC1000576964746829203D3D20305500000000BC
:10BC200066736C5F65646D612E633A313031352027
:10BC30003A2028282875696E7433325F7429287574
:10BC4000696E7433325F74202A29646573744164A9
:10BC500064722920252064657374576964746829A7
:10BC6000203D3D20305500FF66736C5F65646D615B
:10BC70002E633A31303631203A20636F6E66696741
:10BC800020213D204E554C4C0000000066736C5F37
:10BC900065646D612E633A31303835203A20666133
:10BCA0006C73650066736C5F65646D612E633A3119
:10BCB000313038203A2068616E646C6520213D2067
:10BCC0004E554C4C0000000066736C5F65646D61FE
:10BCD0002E633A31313039203A20636F6E666967DE
:10BCE00020213D204E554C4C00FFFFFF66736C5FDA
:10BCF00065646D612E633A31323834203A206861D0
:10BD00006E646C6520213D204E554C4C00FFFFFFBA
:10BD100066736C5F65646D612E633A313430302038
:10BD20003A2068616E646C6520213D204E554C4C74
:10BD300000FFFFFF008003400090034000A003408D
:10BD400000900B4018003C1019003C101A003C10E9
:10BD50001900301066736C5F66746D2E633A38306C
:10BD6000203A20696E7374616E6365203C206674AE
:10BD70006D4172726179436F756E740066736C5FAA
:10BD800066746D2E633A3931203A202D3120213DE1
:10BD90002046534C5F464541545552455F46544DED
:10BDA0005F4348414E4E454C5F434F554E546E28BD
:10BDB000626173652900FFFF66736C5F66746D2EA8
:10BDC000633A313532203A202D3120213D206368FD
:10BDD0006E6C436F756E740066736C5F66746D2E67
:10BDE000633A323233203A20636F6E66696700FF30
:10BDF00066736C5F6770696F2E633A313030203A3A
:10BE0000204E554C4C20213D20636F6E66696700C3
:10BE100000A0064000B0064000C0064000D006402A
:10BE200000A00E4000B00E401F2123254244FFFF1A
:10BE30000A0034100B0034100C0034100D003410C4
:10BE40000A0028100B00281066736C5F756172740D
:10BE50002E633A313432203A20696E7374616E6316
:10BE600065203C20756172744172726179436F750F
:10BE70006E7400FF66736C5F756172742E633A3284
:10BE80003135203A20636F6E66696720213D204E70
:10BE9000554C4C0066736C5F756172742E633A3258
:10BEA0003136203A20636F6E6669672D3E62617598
:10BEB00064526174655F42707320213D20305500EB
:10BEC00066736C5F756172742E633A323138203A52
:10BED000202875696E74385F742946534C5F464557
:10BEE00041545552455F554152545F4649464F5F54
:10BEF00053495A456E286261736529203E3D20638F
:10BF00006F6E6669672D3E74784669666F57617417
:10BF100065726D61726B000066736C5F756172743F
:10BF20002E633A323139203A202875696E74385FB1
:10BF3000742946534C5F464541545552455F55411F
:10BF400052545F4649464F5F53495A456E286261D5
:10BF5000736529203E3D20636F6E6669672D3E72D2
:10BF6000784669666F57617465726D61726B00FF28
:10BF700066736C5F756172742E633A333939203A97
:10BF800020636F6E66696720213D204E554C4C0042
:10BF900066736C5F756172745F65646D612E633A80
:10BFA000313032203A20706172616D20213D204E87
:10BFB000554C4C0066736C5F756172745F65646D9F
:10BFC000612E633A313234203A20706172616D2003
:10BFD000213D204E554C4C0066736C5F7561727448
:10BFE0005F65646D612E633A313631203A206861B5
:10BFF0006E646C6520213D204E554C4C00FFFFFFC8
:10C0000066736C5F756172745F65646D612E633A0F
:10C01000323330203A2068616E646C6520213D2007
:10C020004E554C4C0000000066736C5F7561727475
:10C030005F65646D612E633A323331203A20686166
:10C040006E646C652D3E747845646D6148616E6404
:10C050006C6520213D204E554C4C000066736C5F92
:10C06000756172745F65646D612E633A323332209C
:10C070003A207866657220213D204E554C4C0000D8
:10C0800066736C5F756172745F65646D612E633A8F
:10C09000323333203A20786665722D3E64617461D4
:10C0A00020213D204E554C4C0000000066736C5F13
:10C0B000756172745F65646D612E633A323334204A
:10C0C0003A20786665722D3E6461746153697A65C1
:10C0D00020213D20305500FF66736C5F75617274DE
:10C0E0005F65646D612E633A323834203A206861AE
:10C0F0006E646C6520213D204E554C4C00000000C4
:10C1000066736C5F756172745F65646D612E633A0E
:10C11000323835203A2068616E646C652D3E727845
:10C1200045646D6148616E646C6520213D204E550B
:10C130004C4C000066736C5F756172745F65646D72
:10C14000612E633A323836203A20786665722021B3
:10C150003D204E554C4C000066736C5F75617274E7
:10C160005F65646D612E633A323837203A20786615
:10C1700065722D3E6461746120213D204E554C4C0A
:10C180000000000066736C5F756172745F65646DBA
:10C19000612E633A323838203A20786665722D3E37
:10C1A0006461746153697A6520213D20305500FF38
:10C1B00066736C5F756172745F65646D612E633A5E
:10C1C000333535203A2068616E646C6520213D204E
:10C1D0004E554C4C0000000066736C5F75617274C4
:10C1E0005F65646D612E633A333536203A206861AD
:10C1F0006E646C652D3E727845646D6148616E6455
:10C200006C6520213D204E554C4C00FF66736C5FE1
:10C21000756172745F65646D612E633A34333820E2
:10C220003A207561727445646D6148616E646C6535
:10C2300020213D204E554C4C00FFFFFF00A0064042
:10C2400000B0064000C0064000D0064000A00E40EE
:10C2500000B00E4066736C5F616461707465725FFC
:10C26000756172742E633A323235203A2068616EFD
:10C27000646C650066736C5F616461707465725FA5
:10C28000756172742E633A323236203A20636F6ED3
:10C290006669670066736C5F616461707465725F84
:10C2A000756172742E633A323237203A20636F6EB2
:10C2B0006669672D3E696E7374616E6365203C200C
:10C2C0002873697A656F6628735F5561727441647B
:10C2D00061707465724261736529202F2073697AD9
:10C2E000656F6628554152545F54797065202A293C
:10C2F0002900000066736C5F616461707465725F31
:10C30000756172742E633A323238203A20735F5569
:10C3100061727441646170746572426173655B63DC
:10C320006F6E6669672D3E696E7374616E63655DDD
:10C3300000FFFFFF66736C5F616461707465725F1C
:10C34000756172742E633A333430203A2068616E1E
:10C35000646C650066736C5F616461707465725FC4
:10C36000756172742E633A333431203A20646174FB
:10C370006100000066736C5F616461707465725F78
:10C38000756172742E633A333432203A206C656ED4
:10C39000677468000702010100000000000E0CFF36
:10C3A000010200000000240180F0FA020000800079
:10C3B00000010100030000000003FFFF0600000071
:10C3C00080000000010000000000010000000000EB
:10C3D0000000000000000000443A5C4D43555877CF
:10C3E0006F726B73706163655C564543544F325F87
:10C3F0004D4B36344631325F50726F6A6563745C00
:10C40000647269766572732F66736C5F706F727495
:10C410002E683A323733203A20636F6E66696700C0
:10C420000101FFFF030000002A2A2A2061737365BF
:10C430007274206661696C6564203A20002A2A2A99
:10C44000205F437379735F616C6C6F632066616911
:10C450006C65640A0072007700256C66256E00002A
:10C4600000000000000000000000000000000000CC
:10C4700000000000000000000000000000000000BC
:10C4800000000000000000000000000000000000AC
:10C49000000000000000000000000000000000009C
:10C4A000000000000000000000000000000000008C
:10C4B000000000000000000000000000000000007C
:10C4C000000000000000000000000000000000006C
:10C4D000000000000000000000000000000000401C
:10C4E0004040404040404040414141414140404047
:10C4F0004040404040404040404040404040400577
:10C5000002020202020202020202020202020220ED
:10C5100020202020202020202002020202020202ED
:10C52000909090909090101010101010101010100B
:10C53000101010101010101010100202020202024F
:10C54000888888888888080808080808080808086B
:10C550000808080808080808080802020202400043
:10C5600000000000000000000000000000000000CB
:10C5700000000000000000000000000000000000BB
:10C5800000000000000000000000000000000000AB
:10C59000000000000000000000000000000000009B
:10C5A000000000000000000000000000000000008B
:10C5B000000000000000000000000000000000007B
:10C5C000000000000000000000000000000000006B
:10C5D000000000000000000000000000000000FF5C
:10C5E000566563746F204B36342044657669636505
:10C5F0000D0A436F6D6D616E64733A0D0A6B6623AD
:10C60000232066696C746572204B20312D333220F3
:10C6100072616E67652C204578286B663038202B58
:10C62000204E6577206C696E65290D0A00FFFFFFBB
:10C630006666A63ECDCC2C3F00002041AAAAAAAA3D
:10C64000040000000080000000093D0000004001DF
:10C6500000000000010100000300000001010000D3
:10C660000100000001010000000080FF0000807F49
:08C670000101FFFFFFFFFFFFC6
:04000003000001D523
:00000001FF
